Datetime,Close
2017-09-25,4291000.0
2017-09-26,4380000.0
2017-09-27,4527000.0
2017-09-28,4560000.0
2017-09-29,4669000.0
2017-09-30,4788000.0
2017-10-01,4886000.0
2017-10-02,5058000.0
2017-10-03,4906000.0
2017-10-04,4887000.0
2017-10-05,4954000.0
2017-10-06,5000000.0
2017-10-07,4962000.0
2017-10-08,5070000.0
2017-10-09,5389000.0
2017-10-10,5518000.0
2017-10-11,5543000.0
2017-10-12,5935000.0
2017-10-13,6576000.0
2017-10-14,6566000.0
2017-10-15,6312000.0
2017-10-16,6459000.0
2017-10-17,6376000.0
2017-10-18,5939000.0
2017-10-19,6441000.0
2017-10-20,6677000.0
2017-10-21,7063000.0
2017-10-22,6983000.0
2017-10-23,6732000.0
2017-10-24,6559000.0
2017-10-25,6450000.0
2017-10-26,6790000.0
2017-10-27,6714000.0
2017-10-28,6704000.0
2017-10-29,6676000.0
2017-10-30,6884000.0
2017-10-31,7265000.0
2017-11-01,7475000.0
2017-11-02,8110000.0
2017-11-03,8255000.0
2017-11-04,8188000.0
2017-11-05,8580000.0
2017-11-06,8318000.0
2017-11-07,8113000.0
2017-11-08,8419000.0
2017-11-09,8144000.0
2017-11-10,7645000.0
2017-11-11,7303000.0
2017-11-12,7315000.0
2017-11-13,7477000.0
2017-11-14,7506000.0
2017-11-15,8184000.0
2017-11-16,8410000.0
2017-11-17,8712000.0
2017-11-18,8546000.0
2017-11-19,8548000.0
2017-11-20,8965000.0
2017-11-21,9133000.0
2017-11-22,9089000.0
2017-11-23,9076000.0
2017-11-24,9087000.0
2017-11-25,9463000.0
2017-11-26,10112000.0
2017-11-27,11006000.0
2017-11-28,11638000.0
2017-11-29,13264000.0
2017-11-30,10700000.0
2017-12-01,12264000.0
2017-12-02,12640000.0
2017-12-03,13304000.0
2017-12-04,13432000.0
2017-12-05,14222000.0
2017-12-06,16100000.0
2017-12-07,20511000.0
2017-12-08,20680000.0
2017-12-09,17505000.0
2017-12-10,17810000.0
2017-12-11,18860000.0
2017-12-12,19170000.0
2017-12-13,18668000.0
2017-12-14,18900000.0
2017-12-15,19893000.0
2017-12-16,21192000.0
2017-12-17,22045000.0
2017-12-18,21939000.0
2017-12-19,22081000.0
2017-12-20,22833000.0
2017-12-21,22001000.0
2017-12-22,17306000.0
2017-12-23,20601000.0
2017-12-24,19500000.0
2017-12-25,19386000.0
2017-12-26,22548000.0
2017-12-27,21536000.0
2017-12-28,19682000.0
2017-12-29,19093000.0
2017-12-30,18171000.0
2017-12-31,18713000.0
2018-01-01,18669000.0
2018-01-02,19054000.0
2018-01-03,20359000.0
2018-01-04,21627000.0
2018-01-05,25991000.0
2018-01-06,24692000.0
2018-01-07,25988000.0
2018-01-08,24200000.0
2018-01-09,23739000.0
2018-01-10,21106000.0
2018-01-11,20009000.0
2018-01-12,20164000.0
2018-01-13,21157000.0
2018-01-14,19119000.0
2018-01-15,19680000.0
2018-01-16,15699000.0
2018-01-17,11901000.0
2018-01-18,14907000.0
2018-01-19,14966000.0
2018-01-20,16565000.0
2018-01-21,14221000.0
2018-01-22,13362000.0
2018-01-23,12916000.0
2018-01-24,13299000.0
2018-01-25,12917000.0
2018-01-26,12568000.0
2018-01-27,12530000.0
2018-01-28,13314000.0
2018-01-29,12855000.0
2018-01-30,12123000.0
2018-01-31,11039000.0
2018-02-01,10450000.0
2018-02-02,8944000.0
2018-02-03,9679000.0
2018-02-04,9437000.0
2018-02-05,8336000.0
2018-02-06,7867000.0
2018-02-07,8872000.0
2018-02-08,9405000.0
2018-02-09,9567000.0
2018-02-10,9900000.0
2018-02-11,9760000.0
2018-02-12,9765000.0
2018-02-13,9900000.0
2018-02-14,10430000.0
2018-02-15,11070000.0
2018-02-16,11357000.0
2018-02-17,11830000.0
2018-02-18,12240000.0
2018-02-19,12321000.0
2018-02-20,13402000.0
2018-02-21,12954000.0
2018-02-22,11886000.0
2018-02-23,12068000.0
2018-02-24,11526000.0
2018-02-25,10991000.0
2018-02-26,11518000.0
2018-02-27,11985000.0
2018-02-28,11933000.0
2018-03-01,11999000.0
2018-03-02,12194000.0
2018-03-03,12694000.0
2018-03-04,12374000.0
2018-03-05,12570000.0
2018-03-06,12311000.0
2018-03-07,11928000.0
2018-03-08,10958000.0
2018-03-09,10295000.0
2018-03-10,10357000.0
2018-03-11,10161000.0
2018-03-12,10391000.0
2018-03-13,10053000.0
2018-03-14,9700000.0
2018-03-15,9124000.0
2018-03-16,9184000.0
2018-03-17,8727000.0
2018-03-18,8251000.0
2018-03-19,9438000.0
2018-03-20,9465000.0
2018-03-21,10019000.0
2018-03-22,9514000.0
2018-03-23,9512000.0
2018-03-24,9903000.0
2018-03-25,9580000.0
2018-03-26,9028000.0
2018-03-27,8875000.0
2018-03-28,8644000.0
2018-03-29,8235000.0
2018-03-30,7620000.0
2018-03-31,7797000.0
2018-04-01,7177000.0
2018-04-02,7578000.0
2018-04-03,8028000.0
2018-04-04,7585000.0
2018-04-05,7390000.0
2018-04-06,7222000.0
2018-04-07,7437000.0
2018-04-08,7604000.0
2018-04-09,7375000.0
2018-04-10,7328000.0
2018-04-11,7410000.0
2018-04-12,7895000.0
2018-04-13,8412000.0
2018-04-14,8332000.0
2018-04-15,8578000.0
2018-04-16,8562000.0
2018-04-17,8601000.0
2018-04-18,8500000.0
2018-04-19,8885000.0
2018-04-20,9137000.0
2018-04-21,9423000.0
2018-04-22,9640000.0
2018-04-23,9717000.0
2018-04-24,10065000.0
2018-04-25,9910000.0
2018-04-26,9762000.0
2018-04-27,10050000.0
2018-04-28,10045000.0
2018-04-29,10088000.0
2018-04-30,10130000.0
2018-05-01,9854000.0
2018-05-02,9953000.0
2018-05-03,10359000.0
2018-05-04,10616000.0
2018-05-05,10862000.0
2018-05-06,10569000.0
2018-05-07,10365000.0
2018-05-08,10188000.0
2018-05-09,10349000.0
2018-05-10,10288000.0
2018-05-11,9419000.0
2018-05-12,9491000.0
2018-05-13,9733000.0
2018-05-14,9800000.0
2018-05-15,9593000.0
2018-05-16,9191000.0
2018-05-17,9280000.0
2018-05-18,9044000.0
2018-05-19,9175000.0
2018-05-20,9208000.0
2018-05-21,9349000.0
2018-05-22,9185000.0
2018-05-23,8896000.0
2018-05-24,8369000.0
2018-05-25,8285000.0
2018-05-26,8283000.0
2018-05-27,8159000.0
2018-05-28,8059000.0
2018-05-29,8255000.0
2018-05-30,8214000.0
2018-05-31,8339000.0
2018-06-01,8200000.0
2018-06-02,8330000.0
2018-06-03,8378000.0
2018-06-04,8238000.0
2018-06-05,8183000.0
2018-06-06,8340000.0
2018-06-07,8356000.0
2018-06-08,8289000.0
2018-06-09,8304000.0
2018-06-10,7995000.0
2018-06-11,7422000.0
2018-06-12,7510000.0
2018-06-13,7162000.0
2018-06-14,7131000.0
2018-06-15,7296000.0
2018-06-16,7178000.0
2018-06-17,7243000.0
2018-06-18,7216000.0
2018-06-19,7553000.0
2018-06-20,7530000.0
2018-06-21,7491000.0
2018-06-22,7098000.0
2018-06-23,6977000.0
2018-06-24,6762000.0
2018-06-25,7066000.0
2018-06-26,6994000.0
2018-06-27,6858000.0
2018-06-28,6918000.0
2018-06-29,6699000.0
2018-06-30,7143000.0
2018-07-01,7031000.0
2018-07-02,7305000.0
2018-07-03,7336000.0
2018-07-04,7418000.0
2018-07-05,7381000.0
2018-07-06,7400000.0
2018-07-07,7394000.0
2018-07-08,7526000.0
2018-07-09,7518000.0
2018-07-10,7216000.0
2018-07-11,7206000.0
2018-07-12,7015000.0
2018-07-13,7079000.0
2018-07-14,7092000.0
2018-07-15,7181000.0
2018-07-16,7383000.0
2018-07-17,7494000.0
2018-07-18,8382000.0
2018-07-19,8410000.0
2018-07-20,8459000.0
2018-07-21,8321000.0
2018-07-22,8464000.0
2018-07-23,8675000.0
2018-07-24,9188000.0
2018-07-25,9161000.0
2018-07-26,9187000.0
2018-07-27,8832000.0
2018-07-28,9124000.0
2018-07-29,9229000.0
2018-07-30,9206000.0
2018-07-31,8798000.0
2018-08-01,8679000.0
2018-08-02,8685000.0
2018-08-03,8568000.0
2018-08-04,8136000.0
2018-08-05,8004000.0
2018-08-06,7999000.0
2018-08-07,8130000.0
2018-08-08,7540000.0
2018-08-09,7531000.0
2018-08-10,7434000.0
2018-08-11,7201000.0
2018-08-12,7385000.0
2018-08-13,7465000.0
2018-08-14,7129000.0
2018-08-15,7408000.0
2018-08-16,7345000.0
2018-08-17,7444000.0
2018-08-18,7332000.0
2018-08-19,7392000.0
2018-08-20,7422000.0
2018-08-21,7373000.0
2018-08-22,7548000.0
2018-08-23,7374000.0
2018-08-24,7407000.0
2018-08-25,7590000.0
2018-08-26,7545000.0
2018-08-27,7558000.0
2018-08-28,7814000.0
2018-08-29,7872000.0
2018-08-30,7717000.0
2018-08-31,7788000.0
2018-09-01,7935000.0
2018-09-02,8050000.0
2018-09-03,8122000.0
2018-09-04,8242000.0
2018-09-05,7970000.0
2018-09-06,7432000.0
2018-09-07,7395000.0
2018-09-08,7365000.0
2018-09-09,7347000.0
2018-09-10,7258000.0
2018-09-11,7162000.0
2018-09-12,7269000.0
2018-09-13,7357000.0
2018-09-14,7318000.0
2018-09-15,7368000.0
2018-09-16,7322000.0
2018-09-17,7230000.0
2018-09-18,7241000.0
2018-09-19,7186000.0
2018-09-20,7246000.0
2018-09-21,7537000.0
2018-09-22,7452000.0
2018-09-23,7470000.0
2018-09-24,7433000.0
2018-09-25,7326000.0
2018-09-26,7347000.0
2018-09-27,7315000.0
2018-09-28,7420000.0
2018-09-29,7345000.0
2018-09-30,7404000.0
2018-10-01,7331000.0
2018-10-02,7374000.0
2018-10-03,7362000.0
2018-10-04,7447000.0
2018-10-05,7463000.0
2018-10-06,7471000.0
2018-10-07,7430000.0
2018-10-08,7536000.0
2018-10-09,7499000.0
2018-10-10,7444000.0
2018-10-11,7234000.0
2018-10-12,7196000.0
2018-10-13,7177000.0
2018-10-14,7205000.0
2018-10-15,7387000.0
2018-10-16,7354000.0
2018-10-17,7318000.0
2018-10-18,7360000.0
2018-10-19,7290000.0
2018-10-20,7293000.0
2018-10-21,7318000.0
2018-10-22,7285000.0
2018-10-23,7286000.0
2018-10-24,7311000.0
2018-10-25,7282000.0
2018-10-26,7273000.0
2018-10-27,7272000.0
2018-10-28,7268000.0
2018-10-29,7142000.0
2018-10-30,7145000.0
2018-10-31,7080000.0
2018-11-01,7165000.0
2018-11-02,7198000.0
2018-11-03,7137000.0
2018-11-04,7170000.0
2018-11-05,7229000.0
2018-11-06,7218000.0
2018-11-07,7289000.0
2018-11-08,7329000.0
2018-11-09,7226000.0
2018-11-10,7250000.0
2018-11-11,7230000.0
2018-11-12,7248000.0
2018-11-13,7236000.0
2018-11-14,7140000.0
2018-11-15,6255000.0
2018-11-16,6439000.0
2018-11-17,6381000.0
2018-11-18,6406000.0
2018-11-19,5941000.0
2018-11-20,5501000.0
2018-11-21,5162000.0
2018-11-22,5156000.0
2018-11-23,5011000.0
2018-11-24,4932000.0
2018-11-25,4454000.0
2018-11-26,4400000.0
2018-11-27,4304000.0
2018-11-28,4783000.0
2018-11-29,4853000.0
2018-11-30,4543000.0
2018-12-01,4728000.0
2018-12-02,4708000.0
2018-12-03,4512000.0
2018-12-04,4543000.0
2018-12-05,4356000.0
2018-12-06,4238000.0
2018-12-07,3853000.0
2018-12-08,3782000.0
2018-12-09,3962000.0
2018-12-10,3930000.0
2018-12-11,3799000.0
2018-12-12,3844000.0
2018-12-13,3839000.0
2018-12-14,3702000.0
2018-12-15,3585000.0
2018-12-16,3644000.0
2018-12-17,3806000.0
2018-12-18,3978000.0
2018-12-19,4215000.0
2018-12-20,4469000.0
2018-12-21,4491000.0
2018-12-22,4324000.0
2018-12-23,4429000.0
2018-12-24,4666000.0
2018-12-25,4214000.0
2018-12-26,4188000.0
2018-12-27,4240000.0
2018-12-28,4084000.0
2018-12-29,4308000.0
2018-12-30,4259000.0
2018-12-31,4262000.0
2019-01-01,4180000.0
2019-01-02,4301000.0
2019-01-03,4306000.0
2019-01-04,4257000.0
2019-01-05,4299000.0
2019-01-06,4315000.0
2019-01-07,4494000.0
2019-01-08,4524000.0
2019-01-09,4440000.0
2019-01-10,4230000.0
2019-01-11,4089000.0
2019-01-12,4088000.0
2019-01-13,4055000.0
2019-01-14,3967000.0
2019-01-15,4089000.0
2019-01-16,4062000.0
2019-01-17,4031000.0
2019-01-18,4036000.0
2019-01-19,4125000.0
2019-01-20,3968000.0
2019-01-21,3969000.0
2019-01-22,3999000.0
2019-01-23,3994000.0
2019-01-24,3969000.0
2019-01-25,3936000.0
2019-01-26,3973000.0
2019-01-27,3945000.0
2019-01-28,3820000.0
2019-01-29,3801000.0
2019-01-30,3815000.0
2019-01-31,3763000.0
2019-02-01,3807000.0
2019-02-02,3816000.0
2019-02-03,3814000.0
2019-02-04,3812000.0
2019-02-05,3827000.0
2019-02-06,3769000.0
2019-02-07,3789000.0
2019-02-08,3839000.0
2019-02-09,3995000.0
2019-02-10,3963000.0
2019-02-11,3997000.0
2019-02-12,3987000.0
2019-02-13,3977000.0
2019-02-14,3976000.0
2019-02-15,3985000.0
2019-02-16,4016000.0
2019-02-17,4012000.0
2019-02-18,4175000.0
2019-02-19,4281000.0
2019-02-20,4289000.0
2019-02-21,4325000.0
2019-02-22,4363000.0
2019-02-23,4340000.0
2019-02-24,4241000.0
2019-02-25,4230000.0
2019-02-26,4234000.0
2019-02-27,4242000.0
2019-02-28,4249000.0
2019-03-01,4252000.0
2019-03-02,4252000.0
2019-03-03,4249000.0
2019-03-04,4160000.0
2019-03-05,4238000.0
2019-03-06,4248000.0
2019-03-07,4301000.0
2019-03-08,4333000.0
2019-03-09,4355000.0
2019-03-10,4317000.0
2019-03-11,4324000.0
2019-03-12,4329000.0
2019-03-13,4317000.0
2019-03-14,4347000.0
2019-03-15,4361000.0
2019-03-16,4443000.0
2019-03-17,4428000.0
2019-03-18,4442000.0
2019-03-19,4471000.0
2019-03-20,4518000.0
2019-03-21,4429000.0
2019-03-22,4494000.0
2019-03-23,4496000.0
2019-03-24,4520000.0
2019-03-25,4503000.0
2019-03-26,4463000.0
2019-03-27,4528000.0
2019-03-28,4555000.0
2019-03-29,4628000.0
2019-03-30,4609000.0
2019-03-31,4649000.0
2019-04-01,4712000.0
2019-04-02,5301000.0
2019-04-03,5543000.0
2019-04-04,5610000.0
2019-04-05,5657000.0
2019-04-06,5744000.0
2019-04-07,5863000.0
2019-04-08,6025000.0
2019-04-09,5989000.0
2019-04-10,6062000.0
2019-04-11,5845000.0
2019-04-12,5853000.0
2019-04-13,5894000.0
2019-04-14,5889000.0
2019-04-15,5970000.0
2019-04-16,5830000.0
2019-04-17,5993000.0
2019-04-18,6038000.0
2019-04-19,6054000.0
2019-04-20,6124000.0
2019-04-21,6132000.0
2019-04-22,6148000.0
2019-04-23,6464000.0
2019-04-24,6426000.0
2019-04-25,6387000.0
2019-04-26,6141000.0
2019-04-27,6110000.0
2019-04-28,6135000.0
2019-04-29,6041000.0
2019-04-30,6120000.0
2019-05-01,6139000.0
2019-05-02,6326000.0
2019-05-03,6638000.0
2019-05-04,6525000.0
2019-05-05,6685000.0
2019-05-06,6624000.0
2019-05-07,6792000.0
2019-05-08,6859000.0
2019-05-09,7072000.0
2019-05-10,7380000.0
2019-05-11,7891000.0
2019-05-12,8133000.0
2019-05-13,8751000.0
2019-05-14,9583000.0
2019-05-15,9326000.0
2019-05-16,9450000.0
2019-05-17,8573000.0
2019-05-18,8912000.0
2019-05-19,9417000.0
2019-05-20,9419000.0
2019-05-21,9520000.0
2019-05-22,9442000.0
2019-05-23,9330000.0
2019-05-24,9578000.0
2019-05-25,9603000.0
2019-05-26,9553000.0
2019-05-27,10434000.0
2019-05-28,10304000.0
2019-05-29,10403000.0
2019-05-30,10367000.0
2019-05-31,10243000.0
2019-06-01,10286000.0
2019-06-02,10451000.0
2019-06-03,10253000.0
2019-06-04,9809000.0
2019-06-05,9440000.0
2019-06-06,9324000.0
2019-06-07,9647000.0
2019-06-08,9688000.0
2019-06-09,9574000.0
2019-06-10,9665000.0
2019-06-11,9492000.0
2019-06-12,9662000.0
2019-06-13,9789000.0
2019-06-14,10206000.0
2019-06-15,10417000.0
2019-06-16,11021000.0
2019-06-17,11147000.0
2019-06-18,10901000.0
2019-06-19,10869000.0
2019-06-20,11148000.0
2019-06-21,11565000.0
2019-06-22,12449000.0
2019-06-23,12423000.0
2019-06-24,12801000.0
2019-06-25,13329000.0
2019-06-26,15208000.0
2019-06-27,14600000.0
2019-06-28,14565000.0
2019-06-29,14668000.0
2019-06-30,13920000.0
2019-07-01,12577000.0
2019-07-02,12848000.0
2019-07-03,13741000.0
2019-07-04,14250000.0
2019-07-05,13688000.0
2019-07-06,13654000.0
2019-07-07,13555000.0
2019-07-08,14160000.0
2019-07-09,14618000.0
2019-07-10,14900000.0
2019-07-11,14135000.0
2019-07-12,13979000.0
2019-07-13,13732000.0
2019-07-14,12889000.0
2019-07-15,12684000.0
2019-07-16,12561000.0
2019-07-17,11611000.0
2019-07-18,12180000.0
2019-07-19,12339000.0
2019-07-20,12570000.0
2019-07-21,12350000.0
2019-07-22,12218000.0
2019-07-23,11926000.0
2019-07-24,11684000.0
2019-07-25,11830000.0
2019-07-26,11565000.0
2019-07-27,11238000.0
2019-07-28,11321000.0
2019-07-29,11284000.0
2019-07-30,11280000.0
2019-07-31,11756000.0
2019-08-01,11839000.0
2019-08-02,12610000.0
2019-08-03,12755000.0
2019-08-04,12741000.0
2019-08-05,13892000.0
2019-08-06,13945000.0
2019-08-07,14302000.0
2019-08-08,13994000.0
2019-08-09,14134000.0
2019-08-10,13767000.0
2019-08-11,13678000.0
2019-08-12,13682000.0
2019-08-13,13199000.0
2019-08-14,12719000.0
2019-08-15,12191000.0
2019-08-16,12287000.0
2019-08-17,12514000.0
2019-08-18,12598000.0
2019-08-19,12930000.0
2019-08-20,12778000.0
2019-08-21,12171000.0
2019-08-22,12217000.0
2019-08-23,12449000.0
2019-08-24,12059000.0
2019-08-25,12135000.0
2019-08-26,12389000.0
2019-08-27,12192000.0
2019-08-28,12230000.0
2019-08-29,11424000.0
2019-08-30,11631000.0
2019-08-31,11602000.0
2019-09-01,11560000.0
2019-09-02,12021000.0
2019-09-03,12766000.0
2019-09-04,12473000.0
2019-09-05,12623000.0
2019-09-06,12903000.0
2019-09-07,12453000.0
2019-09-08,12386000.0
2019-09-09,12312000.0
2019-09-10,12166000.0
2019-09-11,12034000.0
2019-09-12,12306000.0
2019-09-13,12274000.0
2019-09-14,12277000.0
2019-09-15,12172000.0
2019-09-16,12016000.0
2019-09-17,12081000.0
2019-09-18,12058000.0
2019-09-19,11748000.0
2019-09-20,12064000.0
2019-09-21,11855000.0
2019-09-22,11870000.0
2019-09-23,11789000.0
2019-09-24,11321000.0
2019-09-25,10022000.0
2019-09-26,9827000.0
2019-09-27,9569000.0
2019-09-28,9705000.0
2019-09-29,9595000.0
2019-09-30,9850000.0
2019-10-01,10031000.0
2019-10-02,9951000.0
2019-10-03,9826000.0
2019-10-04,9788000.0
2019-10-05,9610000.0
2019-10-06,9499000.0
2019-10-07,9732000.0
2019-10-08,9754000.0
2019-10-09,10059000.0
2019-10-10,10084000.0
2019-10-11,9856000.0
2019-10-12,9957000.0
2019-10-13,9943000.0
2019-10-14,9776000.0
2019-10-15,9795000.0
2019-10-16,9488000.0
2019-10-17,9554000.0
2019-10-18,9404000.0
2019-10-19,9500000.0
2019-10-20,9506000.0
2019-10-21,9744000.0
2019-10-22,9670000.0
2019-10-23,8825000.0
2019-10-24,8807000.0
2019-10-25,9007000.0
2019-10-26,10631000.0
2019-10-27,11073000.0
2019-10-28,10841000.0
2019-10-29,10889000.0
2019-10-30,10600000.0
2019-10-31,10782000.0
2019-11-01,10678000.0
2019-11-02,10870000.0
2019-11-03,10715000.0
2019-11-04,10814000.0
2019-11-05,10786000.0
2019-11-06,10745000.0
2019-11-07,10688000.0
2019-11-08,10179000.0
2019-11-09,10260000.0
2019-11-10,10234000.0
2019-11-11,10181000.0
2019-11-12,10118000.0
2019-11-13,10181000.0
2019-11-14,10103000.0
2019-11-15,9900000.0
2019-11-16,9937000.0
2019-11-17,9955000.0
2019-11-18,9861000.0
2019-11-19,9445000.0
2019-11-20,9513000.0
2019-11-21,9190000.0
2019-11-22,8411000.0
2019-11-23,8596000.0
2019-11-24,8370000.0
2019-11-25,8410000.0
2019-11-26,8296000.0
2019-11-27,8436000.0
2019-11-28,8722000.0
2019-11-29,9111000.0
2019-11-30,8840000.0
2019-12-01,8685000.0
2019-12-02,8527000.0
2019-12-03,8660000.0
2019-12-04,8789000.0
2019-12-05,8725000.0
2019-12-06,8676000.0
2019-12-07,8826000.0
2019-12-08,8805000.0
2019-12-09,8828000.0
2019-12-10,8587000.0
2019-12-11,8505000.0
2019-12-12,8450000.0
2019-12-13,8485000.0
2019-12-14,8348000.0
2019-12-15,8325000.0
2019-12-16,8284000.0
2019-12-17,7856000.0
2019-12-18,7821000.0
2019-12-19,8310000.0
2019-12-20,8371000.0
2019-12-21,8290000.0
2019-12-22,8314000.0
2019-12-23,8778000.0
2019-12-24,8548000.0
2019-12-25,8377000.0
2019-12-26,8357000.0
2019-12-27,8329000.0
2019-12-28,8442000.0
2019-12-29,8515000.0
2019-12-30,8406000.0
2019-12-31,8342000.0
2020-01-01,8325000.0
2020-01-02,8242000.0
2020-01-03,8382000.0
2020-01-04,8434000.0
2020-01-05,8559000.0
2020-01-06,8658000.0
2020-01-07,9023000.0
2020-01-08,9530000.0
2020-01-09,8978000.0
2020-01-10,9115000.0
2020-01-11,9096000.0
2020-01-12,9185000.0
2020-01-13,9152000.0
2020-01-14,9681000.0
2020-01-15,9896000.0
2020-01-16,9762000.0
2020-01-17,9883000.0
2020-01-18,10077000.0
2020-01-19,9770000.0
2020-01-20,9874000.0
2020-01-21,9875000.0
2020-01-22,9885000.0
2020-01-23,9656000.0
2020-01-24,9826000.0
2020-01-25,9692000.0
2020-01-26,9841000.0
2020-01-27,10052000.0
2020-01-28,10285000.0
2020-01-29,10651000.0
2020-01-30,10635000.0
2020-01-31,10682000.0
2020-02-01,10792000.0
2020-02-02,10845000.0
2020-02-03,10825000.0
2020-02-04,10606000.0
2020-02-05,10887000.0
2020-02-06,11338000.0
2020-02-07,11521000.0
2020-02-08,11465000.0
2020-02-09,11720000.0
2020-02-10,11521000.0
2020-02-11,11472000.0
2020-02-12,11810000.0
2020-02-13,11755000.0
2020-02-14,11811000.0
2020-02-15,11862000.0
2020-02-16,11402000.0
2020-02-17,11276000.0
2020-02-18,11425000.0
2020-02-19,11858000.0
2020-02-20,11449000.0
2020-02-21,11525000.0
2020-02-22,11491000.0
2020-02-23,11709000.0
2020-02-24,11657000.0
2020-02-25,11390000.0
2020-02-26,11020000.0
2020-02-27,10743000.0
2020-02-28,10489000.0
2020-02-29,10435000.0
2020-03-01,10374000.0
2020-03-02,10564000.0
2020-03-03,10504000.0
2020-03-04,10470000.0
2020-03-05,10772000.0
2020-03-06,10800000.0
2020-03-07,10867000.0
2020-03-08,10394000.0
2020-03-09,9439000.0
2020-03-10,9695000.0
2020-03-11,9379000.0
2020-03-12,7753000.0
2020-03-13,6997000.0
2020-03-14,6861000.0
2020-03-15,6805000.0
2020-03-16,6387000.0
2020-03-17,6569000.0
2020-03-18,6678000.0
2020-03-19,7264000.0
2020-03-20,8207000.0
2020-03-21,7745000.0
2020-03-22,7634000.0
2020-03-23,7765000.0
2020-03-24,8215000.0
2020-03-25,8272000.0
2020-03-26,8158000.0
2020-03-27,8130000.0
2020-03-28,7648000.0
2020-03-29,7540000.0
2020-03-30,7737000.0
2020-03-31,7850000.0
2020-04-01,7630000.0
2020-04-02,8199000.0
2020-04-03,8168000.0
2020-04-04,8137000.0
2020-04-05,8184000.0
2020-04-06,8505000.0
2020-04-07,8710000.0
2020-04-08,8746000.0
2020-04-09,8812000.0
2020-04-10,8358000.0
2020-04-11,8365000.0
2020-04-12,8568000.0
2020-04-13,8263000.0
2020-04-14,8385000.0
2020-04-15,8229000.0
2020-04-16,8476000.0
2020-04-17,8520000.0
2020-04-18,8725000.0
2020-04-19,8623000.0
2020-04-20,8591000.0
2020-04-21,8342000.0
2020-04-22,8627000.0
2020-04-23,9075000.0
2020-04-24,9109000.0
2020-04-25,9189000.0
2020-04-26,9286000.0
2020-04-27,9332000.0
2020-04-28,9356000.0
2020-04-29,10070000.0
2020-04-30,10695000.0
2020-05-01,10745000.0
2020-05-02,10840000.0
2020-05-03,10739000.0
2020-05-04,10725000.0
2020-05-05,10830000.0
2020-05-06,11195000.0
2020-05-07,11554000.0
2020-05-08,12045000.0
2020-05-09,11716000.0
2020-05-10,10615000.0
2020-05-11,10790000.0
2020-05-12,10759000.0
2020-05-13,10985000.0
2020-05-14,11681000.0
2020-05-15,11521000.0
2020-05-16,11378000.0
2020-05-17,11750000.0
2020-05-18,11644000.0
2020-05-19,11650000.0
2020-05-20,11729000.0
2020-05-21,10973000.0
2020-05-22,11091000.0
2020-05-23,11138000.0
2020-05-24,10971000.0
2020-05-25,10623000.0
2020-05-26,10714000.0
2020-05-27,11100000.0
2020-05-28,11469000.0
2020-05-29,11423000.0
2020-05-30,11485000.0
2020-05-31,11370000.0
2020-06-01,11510000.0
2020-06-02,11591000.0
2020-06-03,11538000.0
2020-06-04,11706000.0
2020-06-05,11647000.0
2020-06-06,11606000.0
2020-06-07,11427000.0
2020-06-08,11598000.0
2020-06-09,11644000.0
2020-06-10,11608000.0
2020-06-11,11532000.0
2020-06-12,11340000.0
2020-06-13,11369000.0
2020-06-14,11241000.0
2020-06-15,11080000.0
2020-06-16,11340000.0
2020-06-17,11384000.0
2020-06-18,11355000.0
2020-06-19,11312000.0
2020-06-20,11252000.0
2020-06-21,11269000.0
2020-06-22,11400000.0
2020-06-23,11548000.0
2020-06-24,11200000.0
2020-06-25,11107000.0
2020-06-26,10938000.0
2020-06-27,10991000.0
2020-06-28,11035000.0
2020-06-29,10884000.0
2020-06-30,10988000.0
2020-07-01,11032000.0
2020-07-02,10999000.0
2020-07-03,10874000.0
2020-07-04,10844000.0
2020-07-05,10787000.0
2020-07-06,10986000.0
2020-07-07,10968000.0
2020-07-08,11151000.0
2020-07-09,11005000.0
2020-07-10,10925000.0
2020-07-11,10958000.0
2020-07-12,10941000.0
2020-07-13,11037000.0
2020-07-14,10978000.0
2020-07-15,10999000.0
2020-07-16,10908000.0
2020-07-17,10933000.0
2020-07-18,10911000.0
2020-07-19,10903000.0
2020-07-20,10941000.0
2020-07-21,11141000.0
2020-07-22,11104000.0
2020-07-23,11224000.0
2020-07-24,11334000.0
2020-07-25,11378000.0
2020-07-26,11764000.0
2020-07-27,12333000.0
2020-07-28,13138000.0
2020-07-29,13125000.0
2020-07-30,12996000.0
2020-07-31,13298000.0
2020-08-01,13754000.0
2020-08-02,13100000.0
2020-08-03,13390000.0
2020-08-04,13330000.0
2020-08-05,13772000.0
2020-08-06,13948000.0
2020-08-07,13760000.0
2020-08-08,13872000.0
2020-08-09,13655000.0
2020-08-10,14000000.0
2020-08-11,13734000.0
2020-08-12,13732000.0
2020-08-13,13612000.0
2020-08-14,13782000.0
2020-08-15,13856000.0
2020-08-16,13837000.0
2020-08-17,14103000.0
2020-08-18,13942000.0
2020-08-19,13821000.0
2020-08-20,13945000.0
2020-08-21,13917000.0
2020-08-22,13803000.0
2020-08-23,13780000.0
2020-08-24,13845000.0
2020-08-25,13509000.0
2020-08-26,13538000.0
2020-08-27,13379000.0
2020-08-28,13444000.0
2020-08-29,13477000.0
2020-08-30,13618000.0
2020-08-31,13762000.0
2020-09-01,13931000.0
2020-09-02,13381000.0
2020-09-03,12954000.0
2020-09-04,12567000.0
2020-09-05,12466000.0
2020-09-06,12329000.0
2020-09-07,12001000.0
2020-09-08,12113000.0
2020-09-09,12191000.0
2020-09-10,12319000.0
2020-09-11,12235000.0
2020-09-12,12288000.0
2020-09-13,12301000.0
2020-09-14,12615000.0
2020-09-15,12762000.0
2020-09-16,12838000.0
2020-09-17,12714000.0
2020-09-18,12764000.0
2020-09-19,12930000.0
2020-09-20,12711000.0
2020-09-21,12231000.0
2020-09-22,12239000.0
2020-09-23,12228000.0
2020-09-24,12126000.0
2020-09-25,12419000.0
2020-09-26,12471000.0
2020-09-27,12426000.0
2020-09-28,12624000.0
2020-09-29,12508000.0
2020-09-30,12535000.0
2020-10-01,12615000.0
2020-10-02,12380000.0
2020-10-03,12367000.0
2020-10-04,12423000.0
2020-10-05,12470000.0
2020-10-06,12450000.0
2020-10-07,12379000.0
2020-10-08,12647000.0
2020-10-09,12682000.0
2020-10-10,12904000.0
2020-10-11,12945000.0
2020-10-12,13134000.0
2020-10-13,13079000.0
2020-10-14,13101000.0
2020-10-15,13095000.0
2020-10-16,13032000.0
2020-10-17,13057000.0
2020-10-18,13140000.0
2020-10-19,13300000.0
2020-10-20,13650000.0
2020-10-21,14358000.0
2020-10-22,14526000.0
2020-10-23,14562000.0
2020-10-24,14698000.0
2020-10-25,14648000.0
2020-10-26,14858000.0
2020-10-27,15062000.0
2020-10-28,14786000.0
2020-10-29,15129000.0
2020-10-30,15171000.0
2020-10-31,15625000.0
2020-11-01,15613000.0
2020-11-02,15289000.0
2020-11-03,15615000.0
2020-11-04,15718000.0
2020-11-05,16675000.0
2020-11-06,17296000.0
2020-11-07,17108000.0
2020-11-08,17130000.0
2020-11-09,16844000.0
2020-11-10,16998000.0
2020-11-11,17288000.0
2020-11-12,17685000.0
2020-11-13,17872000.0
2020-11-14,17715000.0
2020-11-15,17715000.0
2020-11-16,17991000.0
2020-11-17,18796000.0
2020-11-18,19543000.0
2020-11-19,20021000.0
2020-11-20,20582000.0
2020-11-21,20620000.0
2020-11-22,20115000.0
2020-11-23,20208000.0
2020-11-24,21297000.0
2020-11-25,21083000.0
2020-11-26,18885000.0
2020-11-27,18729000.0
2020-11-28,19183000.0
2020-11-29,19818000.0
2020-11-30,20894000.0
2020-12-01,21233000.0
2020-12-02,20820000.0
2020-12-03,21110000.0
2020-12-04,20760000.0
2020-12-05,20717000.0
2020-12-06,20787000.0
2020-12-07,20861000.0
2020-12-08,20479000.0
2020-12-09,20140000.0
2020-12-10,19751000.0
2020-12-11,19854000.0
2020-12-12,20081000.0
2020-12-13,20957000.0
2020-12-14,20907000.0
2020-12-15,21089000.0
2020-12-16,22416000.0
2020-12-17,24861000.0
2020-12-18,24777000.0
2020-12-19,25619000.0
2020-12-20,25875000.0
2020-12-21,25684000.0
2020-12-22,26106000.0
2020-12-23,26756000.0
2020-12-24,26279000.0
2020-12-25,26587000.0
2020-12-26,27950000.0
2020-12-27,30365000.0
2020-12-28,30250000.0
2020-12-29,29869000.0
2020-12-30,31200000.0
2020-12-31,31612000.0
2021-01-01,32235000.0
2021-01-02,34366000.0
2021-01-03,38091000.0
2021-01-04,36650000.0
2021-01-05,36569000.0
2021-01-06,38314000.0
2021-01-07,43069000.0
2021-01-08,47800000.0
2021-01-09,46805000.0
2021-01-10,44400000.0
2021-01-11,37702000.0
2021-01-12,37280000.0
2021-01-13,38187000.0
2021-01-14,43601000.0
2021-01-15,40666000.0
2021-01-16,40744000.0
2021-01-17,38750000.0
2021-01-18,39842000.0
2021-01-19,40350000.0
2021-01-20,38730000.0
2021-01-21,35416000.0
2021-01-22,35964000.0
2021-01-23,35300000.0
2021-01-24,35231000.0
2021-01-25,37882000.0
2021-01-26,35150000.0
2021-01-27,33570000.0
2021-01-28,35324000.0
2021-01-29,39615000.0
2021-01-30,37310000.0
2021-01-31,36677000.0
2021-02-01,36640000.0
2021-02-02,37355000.0
2021-02-03,38641000.0
2021-02-04,39355000.0
2021-02-05,40358000.0
2021-02-06,42933000.0
2021-02-07,41130000.0
2021-02-08,46055000.0
2021-02-09,49588000.0
2021-02-10,48378000.0
2021-02-11,50763000.0
2021-02-12,50542000.0
2021-02-13,50908000.0
2021-02-14,51925000.0
2021-02-15,51721000.0
2021-02-16,54339000.0
2021-02-17,56680000.0
2021-02-18,58190000.0
2021-02-19,59715000.0
2021-02-20,64946000.0
2021-02-21,65149000.0
2021-02-22,60680000.0
2021-02-23,52668000.0
2021-02-24,55285000.0
2021-02-25,57599000.0
2021-02-26,53769000.0
2021-02-27,54133000.0
2021-02-28,51493000.0
2021-03-01,54377000.0
2021-03-02,55780000.0
2021-03-03,57785000.0
2021-03-04,56816000.0
2021-03-05,55969000.0
2021-03-06,55414000.0
2021-03-07,57845000.0
2021-03-08,58397000.0
2021-03-09,62520000.0
2021-03-10,64310000.0
2021-03-11,65004000.0
2021-03-12,65395000.0
2021-03-13,69077000.0
2021-03-14,69376000.0
2021-03-15,65266000.0
2021-03-16,64311000.0
2021-03-17,63700000.0
2021-03-18,67480000.0
2021-03-19,68336000.0
2021-03-20,68861000.0
2021-03-21,67109000.0
2021-03-22,67316000.0
2021-03-23,65155000.0
2021-03-24,67831000.0
2021-03-25,63201000.0
2021-03-26,64325000.0
2021-03-27,65721000.0
2021-03-28,67031000.0
2021-03-29,69238000.0
2021-03-30,70747000.0
2021-03-31,70904000.0
2021-04-01,72916000.0
2021-04-02,74100000.0
2021-04-03,75451000.0
2021-04-04,73303000.0
2021-04-05,77000000.0
2021-04-06,78000000.0
2021-04-07,72255000.0
2021-04-08,74526000.0
2021-04-09,76036000.0
2021-04-10,78983000.0
2021-04-11,77943000.0
2021-04-12,78332000.0
2021-04-13,80893000.0
2021-04-14,80958000.0
2021-04-15,79395000.0
2021-04-16,79421000.0
2021-04-17,78044000.0
2021-04-18,73300000.0
2021-04-19,72891000.0
2021-04-20,69569000.0
2021-04-21,70374000.0
2021-04-22,66055000.0
2021-04-23,57316000.0
2021-04-24,59268000.0
2021-04-25,61104000.0
2021-04-26,62799000.0
2021-04-27,64243000.0
2021-04-28,63198000.0
2021-04-29,63457000.0
2021-04-30,66391000.0
2021-05-01,68794000.0
2021-05-02,68408000.0
2021-05-03,69802000.0
2021-05-04,69040000.0
2021-05-05,68946000.0
2021-05-06,69081000.0
2021-05-07,67917000.0
2021-05-08,70264000.0
2021-05-09,70796000.0
2021-05-10,71000000.0
2021-05-11,68734000.0
2021-05-12,69169000.0
2021-05-13,63066000.0
2021-05-14,62051000.0
2021-05-15,60856000.0
2021-05-16,59355000.0
2021-05-17,53939000.0
2021-05-18,53843000.0
2021-05-19,48980000.0
2021-05-20,51770000.0
2021-05-21,48895000.0
2021-05-22,47008000.0
2021-05-23,42447000.0
2021-05-24,45251000.0
2021-05-25,46118000.0
2021-05-26,47710000.0
2021-05-27,47701000.0
2021-05-28,44621000.0
2021-05-29,42097000.0
2021-05-30,42223000.0
2021-05-31,43234000.0
2021-06-01,43540000.0
2021-06-02,43963000.0
2021-06-03,44867000.0
2021-06-04,43284000.0
2021-06-05,42005000.0
2021-06-06,42029000.0
2021-06-07,41717000.0
2021-06-08,36930000.0
2021-06-09,40074000.0
2021-06-10,42862000.0
2021-06-11,43286000.0
2021-06-12,41443000.0
2021-06-13,41735000.0
2021-06-14,46890000.0
2021-06-15,46219000.0
2021-06-16,45132000.0
2021-06-17,45522000.0
2021-06-18,43570000.0
2021-06-19,42609000.0
2021-06-20,40662000.0
2021-06-21,39121000.0
2021-06-22,35616000.0
2021-06-23,39399000.0
2021-06-24,39600000.0
2021-06-25,38300000.0
2021-06-26,36478000.0
2021-06-27,38635000.0
2021-06-28,39838000.0
2021-06-29,41829000.0
2021-06-30,40266000.0
2021-07-01,39162000.0
2021-07-02,39451000.0
2021-07-03,40335000.0
2021-07-04,41102000.0
2021-07-05,39408000.0
2021-07-06,39823000.0
2021-07-07,40348000.0
2021-07-08,38945000.0
2021-07-09,39509000.0
2021-07-10,39910000.0
2021-07-11,39957000.0
2021-07-12,39499000.0
2021-07-13,38429000.0
2021-07-14,38800000.0
2021-07-15,37653000.0
2021-07-16,37783000.0
2021-07-17,37433000.0
2021-07-18,37054000.0
2021-07-19,36781000.0
2021-07-20,35263000.0
2021-07-21,37460000.0
2021-07-22,38068000.0
2021-07-23,38096000.0
2021-07-24,39502000.0
2021-07-25,39805000.0
2021-07-26,44664000.0
2021-07-27,43911000.0
2021-07-28,45662000.0
2021-07-29,46048000.0
2021-07-30,45275000.0
2021-07-31,47873000.0
2021-08-01,47870000.0
2021-08-02,45914000.0
2021-08-03,44898000.0
2021-08-04,45352000.0
2021-08-05,45236000.0
2021-08-06,47299000.0
2021-08-07,50040000.0
2021-08-08,50640000.0
2021-08-09,52275000.0
2021-08-10,52336000.0
2021-08-11,53239000.0
2021-08-12,51711000.0
2021-08-13,54000000.0
2021-08-14,54587000.0
2021-08-15,53722000.0
2021-08-16,53762000.0
2021-08-17,53765000.0
2021-08-18,53260000.0
2021-08-19,53634000.0
2021-08-20,56850000.0
2021-08-21,57473000.0
2021-08-22,56810000.0
2021-08-23,57998000.0
2021-08-24,57086000.0
2021-08-25,56351000.0
2021-08-26,55088000.0
2021-08-27,56550000.0
2021-08-28,57095000.0
2021-08-29,56950000.0
2021-08-30,56556000.0
2021-08-31,55326000.0
2021-09-01,55307000.0
2021-09-02,57598000.0
2021-09-03,58750000.0
2021-09-04,57880000.0
2021-09-05,57940000.0
2021-09-06,59565000.0
2021-09-07,58000000.0
2021-09-08,54836000.0
2021-09-09,56051000.0
2021-09-10,55264000.0
2021-09-11,55096000.0
2021-09-12,55156000.0
2021-09-13,54058000.0
2021-09-14,56001000.0
2021-09-15,57232000.0
2021-09-16,56967000.0
2021-09-17,57435000.0
2021-09-18,58516000.0
2021-09-19,57888000.0
2021-09-20,54871000.0
2021-09-21,51827000.0
2021-09-22,52038000.0
2021-09-23,53535000.0
2021-09-24,52200000.0
2021-09-25,51829000.0
2021-09-26,52942000.0
2021-09-27,52585000.0
2021-09-28,51004000.0
2021-09-29,51394000.0
2021-09-30,52726000.0
2021-10-01,57058000.0
2021-10-02,58626000.0
2021-10-03,58165000.0
2021-10-04,57850000.0
2021-10-05,60476000.0
2021-10-06,65877000.0
2021-10-07,65872000.0
2021-10-08,66562000.0
2021-10-09,67332000.0
2021-10-10,67523000.0
2021-10-11,70627000.0
2021-10-12,70375000.0
2021-10-13,68706000.0
2021-10-14,69914000.0
2021-10-15,74072000.0
2021-10-16,74426000.0
2021-10-17,74920000.0
2021-10-18,76388000.0
2021-10-19,76169000.0
2021-10-20,81443000.0
2021-10-21,77995000.0
2021-10-22,75319000.0
2021-10-23,74584000.0
2021-10-24,73977000.0
2021-10-25,76668000.0
2021-10-26,75077000.0
2021-10-27,72342000.0
2021-10-28,74140000.0
2021-10-29,73729000.0
2021-10-30,73481000.0
2021-10-31,72092000.0
2021-11-01,73125000.0
2021-11-02,74552000.0
2021-11-03,73094000.0
2021-11-04,74144000.0
2021-11-05,74382000.0
2021-11-06,74078000.0
2021-11-07,75073000.0
2021-11-08,79449000.0
2021-11-09,80650000.0
2021-11-10,81870000.0
2021-11-11,79122000.0
2021-11-12,77610000.0
2021-11-13,78674000.0
2021-11-14,78280000.0
2021-11-15,78558000.0
2021-11-16,75005000.0
2021-11-17,73216000.0
2021-11-18,73235000.0
2021-11-19,71965000.0
2021-11-20,72381000.0
2021-11-21,73147000.0
2021-11-22,72553000.0
2021-11-23,71634000.0
2021-11-24,70350000.0
2021-11-25,73216000.0
2021-11-26,70119000.0
2021-11-27,69530000.0
2021-11-28,69670000.0
2021-11-29,71665000.0
2021-11-30,72598000.0
2021-12-01,72225000.0
2021-12-02,70964000.0
2021-12-03,70302000.0
2021-12-04,60440000.0
2021-12-05,61226000.0
2021-12-06,60252000.0
2021-12-07,63664000.0
2021-12-08,62724000.0
2021-12-09,60465000.0
2021-12-10,60321000.0
2021-12-11,60463000.0
2021-12-12,62030000.0
2021-12-13,59948000.0
2021-12-14,58770000.0
2021-12-15,58669000.0
2021-12-16,60524000.0
2021-12-17,57998000.0
2021-12-18,58404000.0
2021-12-19,58957000.0
2021-12-20,57544000.0
2021-12-21,59851000.0
2021-12-22,59983000.0
2021-12-23,59745000.0
2021-12-24,61973000.0
2021-12-25,61716000.0
2021-12-26,60708000.0
2021-12-27,62038000.0
2021-12-28,59922000.0
2021-12-29,58142000.0
2021-12-30,57626000.0
2021-12-31,58412000.0
2022-01-01,57285000.0
2022-01-02,57375000.0
2022-01-03,57110000.0
2022-01-04,57537000.0
2022-01-05,56774000.0
2022-01-06,52921000.0
2022-01-07,51965000.0
2022-01-08,51651000.0
2022-01-09,51510000.0
2022-01-10,50044000.0
2022-01-11,50798000.0
2022-01-12,53466000.0
2022-01-13,53735000.0
2022-01-14,52275000.0
2022-01-15,52350000.0
2022-01-16,52514000.0
2022-01-17,51887000.0
2022-01-18,50399000.0
2022-01-19,51295000.0
2022-01-20,51798000.0
2022-01-21,47166000.0
2022-01-22,43465000.0
2022-01-23,43391000.0
2022-01-24,41400000.0
2022-01-25,44220000.0
2022-01-26,46652000.0
2022-01-27,45266000.0
2022-01-28,45715000.0
2022-01-29,46619000.0
2022-01-30,46850000.0
2022-01-31,46399000.0
2022-02-01,47550000.0
2022-02-02,46607000.0
2022-02-03,45055000.0
2022-02-04,46493000.0
2022-02-05,50842000.0
2022-02-06,50618000.0
2022-02-07,52990000.0
2022-02-08,53379000.0
2022-02-09,53385000.0
2022-02-10,53953000.0
2022-02-11,52881000.0
2022-02-12,51422000.0
2022-02-13,51885000.0
2022-02-14,51731000.0
2022-02-15,53540000.0
2022-02-16,52858000.0
2022-02-17,51173000.0
2022-02-18,49297000.0
2022-02-19,48573000.0
2022-02-20,46794000.0
2022-02-21,47237000.0
2022-02-22,46507000.0
2022-02-23,46826000.0
2022-02-24,43920000.0
2022-02-25,47715000.0
2022-02-26,47885000.0
2022-02-27,47413000.0
2022-02-28,48612000.0
2022-03-01,53178000.0
2022-03-02,54347000.0
2022-03-03,53052000.0
2022-03-04,50597000.0
2022-03-05,48395000.0
2022-03-06,47968000.0
2022-03-07,48142000.0
2022-03-08,48207000.0
2022-03-09,51909000.0
2022-03-10,48850000.0
2022-03-11,48974000.0
2022-03-12,48597000.0
2022-03-13,48522000.0
2022-03-14,48597000.0
2022-03-15,48511000.0
2022-03-16,50300000.0
2022-03-17,49934000.0
2022-03-18,49742000.0
2022-03-19,50784000.0
2022-03-20,50658000.0
2022-03-21,50194000.0
2022-03-22,52043000.0
2022-03-23,51720000.0
2022-03-24,52683000.0
2022-03-25,54090000.0
2022-03-26,53810000.0
2022-03-27,53830000.0
2022-03-28,57009000.0
2022-03-29,57476000.0
2022-03-30,56743000.0
2022-03-31,56540000.0
2022-04-01,56202000.0
2022-04-02,56610000.0
2022-04-03,56777000.0
2022-04-04,56201000.0
2022-04-05,56223000.0
2022-04-06,54291000.0
2022-04-07,53507000.0
2022-04-08,54347000.0
2022-04-09,53016000.0
2022-04-10,53180000.0
2022-04-11,51539000.0
2022-04-12,50331000.0
2022-04-13,50977000.0
2022-04-14,50907000.0
2022-04-15,50705000.0
2022-04-16,50690000.0
2022-04-17,50405000.0
2022-04-18,49518000.0
2022-04-19,51679000.0
2022-04-20,51634000.0
2022-04-21,52748000.0
2022-04-22,50196000.0
2022-04-23,49997000.0
2022-04-24,49967000.0
2022-04-25,49413000.0
2022-04-26,49573000.0
2022-04-27,49299000.0
2022-04-28,50295000.0
2022-04-29,49935000.0
2022-04-30,49318000.0
2022-05-01,49040000.0
2022-05-02,49815000.0
2022-05-03,49175000.0
2022-05-04,49792000.0
2022-05-05,49301000.0
2022-05-06,46789000.0
2022-05-07,46860000.0
2022-05-08,45229000.0
2022-05-09,43157000.0
2022-05-10,41196000.0
2022-05-11,42644000.0
2022-05-12,39834000.0
2022-05-13,40661000.0
2022-05-14,38790000.0
2022-05-15,39531000.0
2022-05-16,39015000.0
2022-05-17,39032000.0
2022-05-18,37749000.0
2022-05-19,38302000.0
2022-05-20,38128000.0
2022-05-21,38007000.0
2022-05-22,38627000.0
2022-05-23,38736000.0
2022-05-24,37070000.0
2022-05-25,38029000.0
2022-05-26,37540000.0
2022-05-27,36844000.0
2022-05-28,36932000.0
2022-05-29,37254000.0
2022-05-30,38307000.0
2022-05-31,39785000.0
2022-06-01,39385000.0
2022-06-02,38054000.0
2022-06-03,37541000.0
2022-06-04,37912000.0
2022-06-05,37852000.0
2022-06-06,39685000.0
2022-06-07,37974000.0
2022-06-08,38622000.0
2022-06-09,38317000.0
2022-06-10,38006000.0
2022-06-11,36958000.0
2022-06-12,35952000.0
2022-06-13,30425000.0
2022-06-14,29214000.0
2022-06-15,27733000.0
2022-06-16,27541000.0
2022-06-17,27043000.0
2022-06-18,25333000.0
2022-06-19,25457000.0
2022-06-20,26943000.0
2022-06-21,27857000.0
2022-06-22,26914000.0
2022-06-23,26811000.0
2022-06-24,27435000.0
2022-06-25,27475000.0
2022-06-26,27844000.0
2022-06-27,27072000.0
2022-06-28,27060000.0
2022-06-29,26439000.0
2022-06-30,25283000.0
2022-07-01,25673000.0
2022-07-02,25506000.0
2022-07-03,25305000.0
2022-07-04,25685000.0
2022-07-05,25805000.0
2022-07-06,26528000.0
2022-07-07,27303000.0
2022-07-08,28450000.0
2022-07-09,28199000.0
2022-07-10,27364000.0
2022-07-11,26900000.0
2022-07-12,26357000.0
2022-07-13,25918000.0
2022-07-14,26432000.0
2022-07-15,27577000.0
2022-07-16,27507000.0
2022-07-17,27972000.0
2022-07-18,28973000.0
2022-07-19,29591000.0
2022-07-20,31742000.0
2022-07-21,29841000.0
2022-07-22,31111000.0
2022-07-23,29363000.0
2022-07-24,29934000.0
2022-07-25,29012000.0
2022-07-26,27939000.0
2022-07-27,28617000.0
2022-07-28,30420000.0
2022-07-29,31650000.0
2022-07-30,32045000.0
2022-07-31,31266000.0
2022-08-01,30960000.0
2022-08-02,30750000.0
2022-08-03,31131000.0
2022-08-04,30668000.0
2022-08-05,30732000.0
2022-08-06,30735000.0
2022-08-07,30617000.0
2022-08-08,31823000.0
2022-08-09,30839000.0
2022-08-10,31764000.0
2022-08-11,32493000.0
2022-08-12,31785000.0
2022-08-13,32575000.0
2022-08-14,32676000.0
2022-08-15,32404000.0
2022-08-16,31934000.0
2022-08-17,31435000.0
2022-08-18,31612000.0
2022-08-19,29370000.0
2022-08-20,29270000.0
2022-08-21,29355000.0
2022-08-22,29198000.0
2022-08-23,29284000.0
2022-08-24,29244000.0
2022-08-25,29390000.0
2022-08-26,28886000.0
2022-08-27,27733000.0
2022-08-28,27514000.0
2022-08-29,27788000.0
2022-08-30,27411000.0
2022-08-31,27557000.0
2022-09-01,27276000.0
2022-09-02,27946000.0
2022-09-03,27420000.0
2022-09-04,27335000.0
2022-09-05,27403000.0
2022-09-06,27449000.0
2022-09-07,26558000.0
2022-09-08,26958000.0
2022-09-09,29022000.0
2022-09-10,29216000.0
2022-09-11,29537000.0
2022-09-12,30560000.0
2022-09-13,29230000.0
2022-09-14,28457000.0
2022-09-15,27950000.0
2022-09-16,27722000.0
2022-09-17,28007000.0
2022-09-18,27852000.0
2022-09-19,27330000.0
2022-09-20,26957000.0
2022-09-21,27156000.0
2022-09-22,26978000.0
2022-09-23,26909000.0
2022-09-24,27452000.0
2022-09-25,27238000.0
2022-09-26,27460000.0
2022-09-27,28850000.0
2022-09-28,27928000.0
2022-09-29,27662000.0
2022-09-30,28633000.0
2022-10-01,27843000.0
2022-10-02,27689000.0
2022-10-03,28070000.0
2022-10-04,28799000.0
2022-10-05,28499000.0
2022-10-06,28569000.0
2022-10-07,28040000.0
2022-10-08,27812000.0
2022-10-09,27800000.0
2022-10-10,27577000.0
2022-10-11,27344000.0
2022-10-12,27366000.0
2022-10-13,26707000.0
2022-10-14,27940000.0
2022-10-15,27640000.0
2022-10-16,27565000.0
2022-10-17,27914000.0
2022-10-18,27875000.0
2022-10-19,27630000.0
2022-10-20,27758000.0
2022-10-21,27429000.0
2022-10-22,27635000.0
2022-10-23,27601000.0
2022-10-24,27747000.0
2022-10-25,27875000.0
2022-10-26,29326000.0
2022-10-27,28897000.0
2022-10-28,28929000.0
2022-10-29,29282000.0
2022-10-30,29102000.0
2022-10-31,28665000.0
2022-11-01,28674000.0
2022-11-02,28878000.0
2022-11-03,28778000.0
2022-11-04,29550000.0
2022-11-05,29698000.0
2022-11-06,29670000.0
2022-11-07,29022000.0
2022-11-08,27530000.0
2022-11-09,25254000.0
2022-11-10,24643000.0
2022-11-11,23468000.0
2022-11-12,23388000.0
2022-11-13,22998000.0
2022-11-14,22626000.0
2022-11-15,23034000.0
2022-11-16,22629000.0
2022-11-17,22765000.0
2022-11-18,23047000.0
2022-11-19,23027000.0
2022-11-20,22966000.0
2022-11-21,22671000.0
2022-11-22,22480000.0
2022-11-23,22917000.0
2022-11-24,22685000.0
2022-11-25,22732000.0
2022-11-26,22733000.0
2022-11-27,22680000.0
2022-11-28,22390000.0
2022-11-29,22442000.0
2022-11-30,22789000.0
2022-12-01,23100000.0
2022-12-02,22772000.0
2022-12-03,22806000.0
2022-12-04,22872000.0
2022-12-05,22927000.0
2022-12-06,22786000.0
2022-12-07,22566000.0
2022-12-08,22595000.0
2022-12-09,22851000.0
2022-12-10,22868000.0
2022-12-11,22785000.0
2022-12-12,22621000.0
2022-12-13,23431000.0
2022-12-14,23604000.0
2022-12-15,23020000.0
2022-12-16,22600000.0
2022-12-17,22083000.0
2022-12-18,22162000.0
2022-12-19,22059000.0
2022-12-20,22055000.0
2022-12-21,21940000.0
2022-12-22,21768000.0
2022-12-23,21878000.0
2022-12-24,21960000.0
2022-12-25,21852000.0
2022-12-26,21662000.0
2022-12-27,21430000.0
2022-12-28,21323000.0
2022-12-29,21250000.0
2022-12-30,20786000.0
2022-12-31,21164000.0
2023-01-01,21084000.0
2023-01-02,21267000.0
2023-01-03,21333000.0
2023-01-04,21515000.0
2023-01-05,21493000.0
2023-01-06,21342000.0
2023-01-07,21529000.0
2023-01-08,21572000.0
2023-01-09,21761000.0
2023-01-10,21781000.0
2023-01-11,21982000.0
2023-01-12,22657000.0
2023-01-13,23882000.0
2023-01-14,25821000.0
2023-01-15,25788000.0
2023-01-16,25945000.0
2023-01-17,26449000.0
2023-01-18,26526000.0
2023-01-19,25927000.0
2023-01-20,26470000.0
2023-01-21,28599000.0
2023-01-22,28654000.0
2023-01-23,28337000.0
2023-01-24,28612000.0
2023-01-25,28146000.0
2023-01-26,28874000.0
2023-01-27,28823000.0
2023-01-28,28983000.0
2023-01-29,29498000.0
2023-01-30,29131000.0
2023-01-31,29034000.0
2023-02-01,28968000.0
2023-02-02,29648000.0
2023-02-03,29560000.0
2023-02-04,29550000.0
2023-02-05,29165000.0
2023-02-06,29030000.0
2023-02-07,29223000.0
2023-02-08,29282000.0
2023-02-09,28853000.0
2023-02-10,28223000.0
2023-02-11,28187000.0
2023-02-12,28310000.0
2023-02-13,28121000.0
2023-02-14,28761000.0
2023-02-15,29361000.0
2023-02-16,31400000.0
2023-02-17,30957000.0
2023-02-18,31897000.0
2023-02-19,31878000.0
2023-02-20,31980000.0
2023-02-21,32089000.0
2023-02-22,31298000.0
2023-02-23,31362000.0
2023-02-24,31284000.0
2023-02-25,30507000.0
2023-02-26,30906000.0
2023-02-27,31568000.0
2023-02-28,31115000.0
2023-03-01,31200000.0
2023-03-02,30937000.0
2023-03-03,29796000.0
2023-03-04,29796000.0
2023-03-05,29922000.0
2023-03-06,29890000.0
2023-03-07,29707000.0
2023-03-08,29306000.0
2023-03-09,29056000.0
2023-03-10,26888000.0
2023-03-11,27398000.0
2023-03-12,27314000.0
2023-03-13,30925000.0
2023-03-14,33795000.0
2023-03-15,32991000.0
2023-03-16,33160000.0
2023-03-17,34951000.0
2023-03-18,36351000.0
2023-03-19,36171000.0
2023-03-20,37421000.0
2023-03-21,37054000.0
2023-03-22,37859000.0
2023-03-23,36893000.0
2023-03-24,37332000.0
2023-03-25,36695000.0
2023-03-26,37061000.0
2023-03-27,36010000.0
2023-03-28,35646000.0
2023-03-29,37352000.0
2023-03-30,37611000.0
2023-03-31,37586000.0
2023-04-01,37556000.0
2023-04-02,37434000.0
2023-04-03,37170000.0
2023-04-04,37201000.0
2023-04-05,37211000.0
2023-04-06,36949000.0
2023-04-07,37011000.0
2023-04-08,37166000.0
2023-04-09,36901000.0
2023-04-10,37400000.0
2023-04-11,39824000.0
2023-04-12,39923000.0
2023-04-13,40056000.0
2023-04-14,40044000.0
2023-04-15,39819000.0
2023-04-16,39778000.0
2023-04-17,38711000.0
2023-04-18,39580000.0
2023-04-19,38997000.0
2023-04-20,38064000.0
2023-04-21,37201000.0
2023-04-22,36750000.0
2023-04-23,36725000.0
2023-04-24,36607000.0
2023-04-25,36584000.0
2023-04-26,39504000.0
2023-04-27,38795000.0
2023-04-28,38890000.0
2023-04-29,39102000.0
2023-04-30,39200000.0
2023-05-01,38215000.0
2023-05-02,38113000.0
2023-05-03,37868000.0
2023-05-04,38534000.0
2023-05-05,38988000.0
2023-05-06,38340000.0
2023-05-07,38701000.0
2023-05-08,37510000.0
2023-05-09,37153000.0
2023-05-10,37661000.0
2023-05-11,36660000.0
2023-05-12,35720000.0
2023-05-13,36310000.0
2023-05-14,36513000.0
2023-05-15,36977000.0
2023-05-16,36454000.0
2023-05-17,36162000.0
2023-05-18,36710000.0
2023-05-19,36095000.0
2023-05-20,36223000.0
2023-05-21,36248000.0
2023-05-22,36052000.0
2023-05-23,36541000.0
2023-05-24,35334000.0
2023-05-25,35427000.0
2023-05-26,35912000.0
2023-05-27,35651000.0
2023-05-28,36399000.0
2023-05-29,37168000.0
2023-05-30,36962000.0
2023-05-31,36262000.0
2023-06-01,36037000.0
2023-06-02,35858000.0
2023-06-03,35945000.0
2023-06-04,35933000.0
2023-06-05,35466000.0
2023-06-06,34509000.0
2023-06-07,35082000.0
2023-06-08,35170000.0
2023-06-09,34960000.0
2023-06-10,34122000.0
2023-06-11,34248000.0
2023-06-12,34071000.0
2023-06-13,34079000.0
2023-06-14,33958000.0
2023-06-15,32770000.0
2023-06-16,33619000.0
2023-06-17,34740000.0
2023-06-18,34733000.0
2023-06-19,34653000.0
2023-06-20,35228000.0
2023-06-21,38800000.0
2023-06-22,38997000.0
2023-06-23,40029000.0
2023-06-24,40829000.0
2023-06-25,40535000.0
2023-06-26,40148000.0
2023-06-27,40693000.0
2023-06-28,40239000.0
2023-06-29,40646000.0
2023-06-30,40170000.0
2023-07-01,40774000.0
2023-07-02,40700000.0
2023-07-03,40692000.0
2023-07-04,40850000.0
2023-07-05,40214000.0
2023-07-06,40218000.0
2023-07-07,40286000.0
2023-07-08,40025000.0
2023-07-09,40172000.0
2023-07-10,40058000.0
2023-07-11,40094000.0
2023-07-12,40150000.0
2023-07-13,39720000.0
2023-07-14,40040000.0
2023-07-15,38810000.0
2023-07-16,39077000.0
2023-07-17,38869000.0
2023-07-18,38444000.0
2023-07-19,38352000.0
2023-07-20,38454000.0
2023-07-21,38749000.0
2023-07-22,38740000.0
2023-07-23,38746000.0
2023-07-24,37853000.0
2023-07-25,37921000.0
2023-07-26,38008000.0
2023-07-27,38136000.0
2023-07-28,38125000.0
2023-07-29,37929000.0
2023-07-30,38054000.0
2023-07-31,37966000.0
2023-08-01,37655000.0
2023-08-02,38500000.0
2023-08-03,38754000.0
2023-08-04,38630000.0
2023-08-05,38560000.0
2023-08-06,38615000.0
2023-08-07,38496000.0
2023-08-08,39145000.0
2023-08-09,39535000.0
2023-08-10,39121000.0
2023-08-11,39290000.0
2023-08-12,39275000.0
2023-08-13,39252000.0
2023-08-14,39438000.0
2023-08-15,39590000.0
2023-08-16,39444000.0
2023-08-17,38422000.0
2023-08-18,35557000.0
2023-08-19,35920000.0
2023-08-20,35850000.0
2023-08-21,35726000.0
2023-08-22,35652000.0
2023-08-23,35560000.0
2023-08-24,35490000.0
2023-08-25,35241000.0
2023-08-26,35423000.0
2023-08-27,35500000.0
2023-08-28,35401000.0
2023-08-29,37162000.0
2023-08-30,36802000.0
2023-08-31,36980000.0
2023-09-01,35202000.0
2023-09-02,35092000.0
2023-09-03,35213000.0
2023-09-04,35107000.0
2023-09-05,35065000.0
2023-09-06,34889000.0
2023-09-07,35027000.0
2023-09-08,35271000.0
2023-09-09,35176000.0
2023-09-10,35146000.0
2023-09-11,34378000.0
2023-09-12,35512000.0
2023-09-13,35564000.0
2023-09-14,36159000.0
2023-09-15,35571000.0
2023-09-16,35845000.0
2023-09-17,35745000.0
2023-09-18,36620000.0
2023-09-19,36425000.0
2023-09-20,36487000.0
2023-09-21,36064000.0
2023-09-22,36060000.0
2023-09-23,35939000.0
2023-09-24,35959000.0
2023-09-25,35351000.0
2023-09-26,35646000.0
2023-09-27,35779000.0
2023-09-28,36437000.0
2023-09-29,36432000.0
2023-09-30,36624000.0
2023-10-01,36810000.0
2023-10-02,38357000.0
2023-10-03,37240000.0
2023-10-04,37246000.0
2023-10-05,37867000.0
2023-10-06,37585000.0
2023-10-07,37892000.0
2023-10-08,37962000.0
2023-10-09,37479000.0
2023-10-10,37457000.0
2023-10-11,36910000.0
2023-10-12,36510000.0
2023-10-13,36820000.0
2023-10-14,36953000.0
2023-10-15,36757000.0
2023-10-16,38335000.0
2023-10-17,38823000.0
2023-10-18,38545000.0
2023-10-19,39021000.0
2023-10-20,40058000.0
2023-10-21,40398000.0
2023-10-22,40383000.0
2023-10-23,41559000.0
2023-10-24,46000000.0
2023-10-25,46824000.0
2023-10-26,46160000.0
2023-10-27,45835000.0
2023-10-28,46427000.0
2023-10-29,46854000.0
2023-10-30,46917000.0
2023-10-31,46536000.0
2023-11-01,46820000.0
2023-11-02,47370000.0
2023-11-03,46615000.0
2023-11-04,46890000.0
2023-11-05,46868000.0
2023-11-06,46900000.0
2023-11-07,46608000.0
2023-11-08,47088000.0
2023-11-09,50181000.0
2023-11-10,49889000.0
2023-11-11,49627000.0
2023-11-12,49431000.0
2023-11-13,49514000.0
2023-11-14,49130000.0
2023-11-15,48266000.0
2023-11-16,49290000.0
2023-11-17,48700000.0
2023-11-18,49177000.0
2023-11-19,49030000.0
2023-11-20,49856000.0
2023-11-21,49301000.0
2023-11-22,49116000.0
2023-11-23,49878000.0
2023-11-24,50651000.0
2023-11-25,50457000.0
2023-11-26,50049000.0
2023-11-27,49528000.0
2023-11-28,50133000.0
2023-11-29,50759000.0
2023-11-30,50526000.0
2023-12-01,51429000.0
2023-12-02,51752000.0
2023-12-03,53155000.0
2023-12-04,56430000.0
2023-12-05,57929000.0
2023-12-06,60859000.0
2023-12-07,59716000.0
2023-12-08,59967000.0
2023-12-09,60165000.0
2023-12-10,59950000.0
2023-12-11,57402000.0
2023-12-12,57413000.0
2023-12-13,57634000.0
2023-12-14,58632000.0
2023-12-15,58242000.0
2023-12-16,58057000.0
2023-12-17,57030000.0
2023-12-18,56811000.0
2023-12-19,57830000.0
2023-12-20,59533000.0
2023-12-21,59262000.0
2023-12-22,59300000.0
2023-12-23,59588000.0
2023-12-24,59121000.0
2023-12-25,58205000.0
2023-12-26,57001000.0
2023-12-27,57322000.0
2023-12-28,57089000.0
2023-12-29,57156000.0
2023-12-30,56720000.0
2023-12-31,56901000.0
2024-01-01,57208000.0
2024-01-02,60632000.0
2024-01-03,57247000.0
2024-01-04,58600000.0
2024-01-05,58902000.0
2024-01-06,59100000.0
2024-01-07,59736000.0
2024-01-08,60250000.0
2024-01-09,62812000.0
2024-01-10,60607000.0
2024-01-11,66069000.0
2024-01-12,62349000.0
2024-01-13,59071000.0
2024-01-14,58731000.0
2024-01-15,58065000.0
2024-01-16,58790000.0
2024-01-17,58522000.0
2024-01-18,58608000.0
2024-01-19,56400000.0
2024-01-20,57469000.0
2024-01-21,57829000.0
2024-01-22,56208000.0
2024-01-23,53498000.0
2024-01-24,55000000.0
2024-01-25,55187000.0
2024-01-26,57251000.0
2024-01-27,57554000.0
2024-01-28,58202000.0
2024-01-29,57709000.0
2024-01-30,59366000.0
2024-01-31,59074000.0
2024-02-01,58638000.0
2024-02-02,58947000.0
2024-02-03,59228000.0
2024-02-04,59067000.0
2024-02-05,59349000.0
2024-02-06,58988000.0
2024-02-07,58988000.0
2024-02-08,61396000.0
2024-02-09,63630000.0
2024-02-10,64061000.0
2024-02-11,65075000.0
2024-02-12,65843000.0
2024-02-13,66036000.0
2024-02-14,70192000.0
2024-02-15,72026000.0
2024-02-16,72170000.0
2024-02-17,70149000.0
2024-02-18,71457000.0
2024-02-19,72040000.0
2024-02-20,72160000.0
2024-02-21,71447000.0
2024-02-22,71680000.0
2024-02-23,71363000.0
2024-02-24,70809000.0
2024-02-25,71196000.0
2024-02-26,71190000.0
2024-02-27,78844000.0
2024-02-28,84581000.0
2024-02-29,87945000.0
2024-03-01,87462000.0
2024-03-02,86607000.0
2024-03-03,86887000.0
2024-03-04,92227000.0
2024-03-05,96577000.0
2024-03-06,92440000.0
2024-03-07,94475000.0
2024-03-08,96218000.0
2024-03-09,95452000.0
2024-03-10,97727000.0
2024-03-11,101343000.0
2024-03-12,101256000.0
2024-03-13,103330000.0
2024-03-14,102266000.0
2024-03-15,98991000.0
2024-03-16,99330000.0
2024-03-17,97821000.0
2024-03-18,98997000.0
2024-03-19,93397000.0
2024-03-20,94759000.0
2024-03-21,97662000.0
2024-03-22,92441000.0
2024-03-23,94522000.0
2024-03-24,94965000.0
2024-03-25,98703000.0
2024-03-26,100070000.0
2024-03-27,100080000.0
2024-03-28,101550000.0
2024-03-29,99888000.0
2024-03-30,100040000.0
2024-03-31,100354000.0
2024-04-01,99311000.0
2024-04-02,96070000.0
2024-04-03,96872000.0
2024-04-04,98274000.0
2024-04-05,98775000.0
2024-04-06,98323000.0
2024-04-07,99542000.0
2024-04-08,101906000.0
2024-04-09,99600000.0
2024-04-10,99149000.0
2024-04-11,100050000.0
2024-04-12,100050000.0
2024-04-13,99585000.0
2024-04-14,96500000.0
2024-04-15,96689000.0
2024-04-16,94012000.0
2024-04-17,91893000.0
2024-04-18,93876000.0
2024-04-19,93991000.0
2024-04-20,93904000.0
2024-04-21,94981000.0
2024-04-22,96076000.0
2024-04-23,96530000.0
2024-04-24,94411000.0
2024-04-25,91558000.0
2024-04-26,91969000.0
2024-04-27,91004000.0
2024-04-28,91037000.0
2024-04-29,89632000.0
2024-04-30,88053000.0
2024-05-01,81897000.0
2024-05-02,83203000.0
2024-05-03,87055000.0
2024-05-04,90491000.0
2024-05-05,90259000.0
2024-05-06,89062000.0
2024-05-07,89700000.0
2024-05-08,87828000.0
2024-05-09,86017000.0
2024-05-10,85735000.0
2024-05-11,85820000.0
2024-05-12,86134000.0
2024-05-13,87732000.0
2024-05-14,86666000.0
2024-05-15,90421000.0
2024-05-16,91448000.0
2024-05-17,92382000.0
2024-05-18,92919000.0
2024-05-19,92864000.0
2024-05-20,92919000.0
2024-05-21,96650000.0
2024-05-22,96461000.0
2024-05-23,94098000.0
2024-05-24,94549000.0
2024-05-25,96150000.0
2024-05-26,96323000.0
2024-05-27,96272000.0
2024-05-28,94389000.0
2024-05-29,93849000.0
2024-05-30,94879000.0
2024-05-31,94241000.0
2024-06-01,94689000.0
2024-06-02,95345000.0
2024-06-03,95927000.0
2024-06-04,96490000.0
2024-06-05,98153000.0
2024-06-06,99065000.0
2024-06-07,99129000.0
2024-06-08,97981000.0
2024-06-09,98000000.0
2024-06-10,97325000.0
2024-06-11,94336000.0
2024-06-12,98036000.0
2024-06-13,95107000.0
2024-06-14,94828000.0
2024-06-15,93775000.0
2024-06-16,94350000.0
2024-06-17,91899000.0
2024-06-18,91284000.0
2024-06-19,91551000.0
2024-06-20,91798000.0
2024-06-21,90427000.0
2024-06-22,90888000.0
2024-06-23,90509000.0
2024-06-24,86447000.0
2024-06-25,87175000.0
2024-06-26,87072000.0
2024-06-27,86831000.0
2024-06-28,85717000.0
2024-06-29,85737000.0
2024-06-30,86587000.0
2024-07-01,88283000.0
2024-07-02,87238000.0
2024-07-03,85220000.0
2024-07-04,81701000.0
2024-07-05,79960000.0
2024-07-06,81423000.0
2024-07-07,80858000.0
2024-07-08,79828000.0
2024-07-09,80905000.0
2024-07-10,81804000.0
2024-07-11,81715000.0
2024-07-12,81586000.0
2024-07-13,82560000.0
2024-07-14,84375000.0
2024-07-15,88627000.0
2024-07-16,89200000.0
2024-07-17,90914000.0
2024-07-18,89848000.0
2024-07-19,91943000.0
2024-07-20,93386000.0
2024-07-21,94290000.0
2024-07-22,93110000.0
2024-07-23,93705000.0
2024-07-24,93100000.0
2024-07-25,90925000.0
2024-07-26,94145000.0
2024-07-27,96199000.0
2024-07-28,94637000.0
2024-07-29,95241000.0
2024-07-30,92149000.0
2024-07-31,92682000.0
2024-08-01,89800000.0
2024-08-02,88940000.0
2024-08-03,87142000.0
2024-08-04,84158000.0
2024-08-05,77823000.0
2024-08-06,79986000.0
2024-08-07,79972000.0
2024-08-08,82853000.0
2024-08-09,84743000.0
2024-08-10,85230000.0
2024-08-11,84700000.0
2024-08-12,84363000.0
2024-08-13,83511000.0
2024-08-14,83273000.0
2024-08-15,83088000.0
2024-08-16,81397000.0
2024-08-17,82874000.0
2024-08-18,83202000.0
2024-08-19,80923000.0
2024-08-20,81350000.0
2024-08-21,81138000.0
2024-08-22,82255000.0
2024-08-23,82670000.0
2024-08-24,85750000.0
2024-08-25,85914000.0
2024-08-26,85040000.0
2024-08-27,83438000.0
2024-08-28,80525000.0
2024-08-29,82355000.0
2024-08-30,79979000.0
2024-08-31,80398000.0
2024-09-01,78903000.0
2024-09-02,79689000.0
2024-09-03,78654000.0
2024-09-04,78061000.0
2024-09-05,76900000.0
2024-09-06,74053000.0
2024-09-07,74293000.0
2024-09-08,73506000.0
2024-09-09,74650000.0
2024-09-10,77196000.0
2024-09-11,75840000.0
2024-09-12,77777000.0
2024-09-13,78499000.0
2024-09-14,80541000.0
2024-09-15,80878000.0
2024-09-16,77964000.0
2024-09-17,80760000.0
2024-09-18,80272000.0
2024-09-19,84196000.0
2024-09-20,84308000.0
2024-09-21,84578000.0
2024-09-22,83658000.0
2024-09-23,84900000.0
2024-09-24,84573000.0
2024-09-25,85150000.0
2024-09-26,85313000.0
2024-09-27,87196000.0
2024-09-28,86404000.0
2024-09-29,86358000.0
2024-09-30,83902000.0
2024-10-01,83136000.0
2024-10-02,81810000.0
2024-10-03,81757000.0
2024-10-04,83036000.0
2024-10-05,84045000.0
2024-10-06,84472000.0
2024-10-07,85650000.0
2024-10-08,84900000.0
2024-10-09,83722000.0
2024-10-10,82348000.0
2024-10-11,83633000.0
2024-10-12,85010000.0
2024-10-13,83980000.0
2024-10-14,88359000.0
2024-10-15,88642000.0
2024-10-16,91560000.0
2024-10-17,91573000.0
2024-10-18,93103000.0
2024-10-19,93145000.0
2024-10-20,93566000.0
2024-10-21,91998000.0
2024-10-22,92754000.0
2024-10-23,91979000.0
2024-10-24,93644000.0
2024-10-25,94720000.0
2024-10-26,93715000.0
2024-10-27,94582000.0
2024-10-28,96099000.0
2024-10-29,99909000.0
2024-10-30,100468000.0
2024-10-31,98679000.0
2024-11-01,99170000.0
2024-11-02,97104000.0
2024-11-03,94382000.0
2024-11-04,95060000.0
2024-11-05,97319000.0
2024-11-06,101698000.0
2024-11-07,103156000.0
2024-11-08,105199000.0
2024-11-09,106519000.0
2024-11-10,109692000.0
2024-11-11,115405000.0
2024-11-12,123728000.0
2024-11-13,128679000.0
2024-11-14,127001000.0
2024-11-15,126073000.0
2024-11-16,126921000.0
2024-11-17,126859000.0
2024-11-18,126874000.0
2024-11-19,128866000.0
2024-11-20,132384000.0
2024-11-21,136096000.0
2024-11-22,135059000.0
2024-11-23,135917000.0
2024-11-24,133870000.0
2024-11-25,133003000.0
2024-11-26,130146000.0
2024-11-27,131670000.0
2024-11-28,133251000.0
2024-11-29,135596000.0
2024-11-30,133976000.0
2024-12-01,134972000.0
2024-12-02,134151000.0
2024-12-03,128257000.0
2024-12-04,134707000.0
2024-12-05,144905000.0
2024-12-06,139155000.0
2024-12-07,138733000.0
2024-12-08,139490000.0
2024-12-09,140675000.0
2024-12-10,139192000.0
2024-12-11,141276000.0
2024-12-12,144270000.0
2024-12-13,143638000.0
2024-12-14,145490000.0
2024-12-15,147803000.0
2024-12-16,152451000.0
2024-12-17,157175000.0
2024-12-18,153302000.0
2024-12-19,150835000.0
2024-12-20,144661000.0
2024-12-21,146851000.0
2024-12-22,145100000.0
2024-12-23,143337000.0
2024-12-24,146290000.0
2024-12-25,147677000.0
2024-12-26,143952000.0
2024-12-27,143797000.0
2024-12-28,141920000.0
2024-12-29,141057000.0
2024-12-30,136194000.0
2024-12-31,142200000.0
2025-01-01,140911000.0
2025-01-02,143939000.0
2025-01-03,143635000.0
2025-01-04,144796000.0
2025-01-05,144259000.0
2025-01-06,147500000.0
2025-01-07,147152000.0
2025-01-08,142400000.0
2025-01-09,139849000.0
2025-01-10,141911000.0
2025-01-11,142349000.0
2025-01-12,142352000.0
2025-01-13,139560000.0
2025-01-14,143623000.0
2025-01-15,146615000.0
2025-01-16,144514000.0
2025-01-17,152345000.0
2025-01-18,155273000.0
2025-01-19,158703000.0
2025-01-20,160378000.0
2025-01-21,154700000.0
2025-01-22,155461000.0
2025-01-23,157146000.0
2025-01-24,157479000.0
2025-01-25,157217000.0
2025-01-26,157700000.0
2025-01-27,155588000.0
2025-01-28,155280000.0
2025-01-29,156558000.0
2025-01-30,160290000.0
2025-01-31,158298000.0
2025-02-01,156950000.0
2025-02-02,154756000.0
2025-02-03,151792000.0
2025-02-04,155850000.0
2025-02-05,153531000.0
2025-02-06,152701000.0
2025-02-07,152751000.0
2025-02-08,148215000.0
2025-02-09,147150000.0
2025-02-10,147529000.0
2025-02-11,147180000.0
2025-02-12,145049000.0
2025-02-13,145355000.0
2025-02-14,146114000.0
2025-02-15,147176000.0
2025-02-16,146328000.0
2025-02-17,145624000.0
2025-02-18,144031000.0
2025-02-19,143200000.0
2025-02-20,144124000.0
2025-02-21,145385000.0
2025-02-22,142344000.0
2025-02-23,140400000.0
2025-02-24,138138000.0
2025-02-25,126319000.0
2025-02-26,127358000.0
2025-02-27,124100000.0
2025-02-28,121698000.0
2025-03-01,125999000.0
2025-03-02,126511000.0
2025-03-03,135314000.0
2025-03-04,125181000.0
2025-03-05,132789000.0
2025-03-06,133597000.0
2025-03-07,134255000.0
2025-03-08,128787000.0
2025-03-09,124947000.0
2025-03-10,119404000.0
2025-03-11,118585000.0
2025-03-12,121450000.0
2025-03-13,121538000.0
2025-03-14,122984000.0
2025-03-15,123955000.0
2025-03-16,122824000.0
2025-03-17,121511000.0
2025-03-18,120226000.0
2025-03-19,123617000.0
2025-03-20,126967000.0
2025-03-21,124533000.0
2025-03-22,124098000.0
2025-03-23,125360000.0
2025-03-24,129767000.0
2025-03-25,129714000.0
2025-03-26,128387000.0
2025-03-27,128889000.0
2025-03-28,125097000.0
2025-03-29,123056000.0
2025-03-30,123616000.0
2025-03-31,124124000.0
2025-04-01,125081000.0
2025-04-02,127045000.0
2025-04-03,121439000.0
2025-04-04,122166000.0
2025-04-05,122578000.0
2025-04-06,122349000.0
2025-04-07,117544000.0
2025-04-08,117376000.0
2025-04-09,115200000.0
2025-04-10,120094000.0
2025-04-11,119941000.0
2025-04-12,122668000.0
2025-04-13,122149000.0
2025-04-14,123412000.0
2025-04-15,123711000.0
2025-04-16,122649000.0
2025-04-17,121879000.0
2025-04-18,122473000.0
2025-04-19,123257000.0
2025-04-20,122320000.0
2025-04-21,126332000.0
2025-04-22,130107000.0
2025-04-23,133063000.0
2025-04-24,133967000.0
2025-04-25,137505000.0
2025-04-26,135827000.0
2025-04-27,135604000.0
2025-04-28,136052000.0
2025-04-29,136990000.0
2025-04-30,135272000.0
2025-05-01,139352000.0
2025-05-02,139264000.0
2025-05-03,137902000.0
2025-05-04,137270000.0
2025-05-05,133655000.0
2025-05-06,133892000.0
2025-05-07,137393000.0
2025-05-08,139750000.0
2025-05-09,144526000.0
2025-05-10,144388000.0
2025-05-11,145676000.0
2025-05-12,144329000.0
2025-05-13,145528000.0
2025-05-14,145301000.0
2025-05-15,144529000.0
2025-05-16,146175000.0
2025-05-17,146422000.0
2025-05-18,149070000.0
2025-05-19,147903000.0
2025-05-20,148040000.0
2025-05-21,151500000.0
2025-05-22,154139000.0
2025-05-23,152370000.0
2025-05-24,151947000.0
2025-05-25,150203000.0
2025-05-26,152135000.0
2025-05-27,151801000.0
2025-05-28,150002000.0
2025-05-29,149760000.0
2025-05-30,147918000.0
2025-05-31,148298000.0
2025-06-01,148076000.0
2025-06-02,146620000.0
2025-06-03,148821000.0
2025-06-04,146026000.0
2025-06-05,144769000.0
2025-06-06,145410000.0
2025-06-07,146237000.0
2025-06-08,146078000.0
2025-06-09,147928000.0
2025-06-10,149179000.0
2025-06-11,150865000.0
2025-06-12,147773000.0
2025-06-13,145916000.0
2025-06-14,145663000.0
2025-06-15,146345000.0
2025-06-16,147685000.0
2025-06-17,145000000.0
2025-06-18,145131000.0
2025-06-19,144665000.0
2025-06-20,144246000.0
2025-06-21,144132000.0
2025-06-22,138858000.0
2025-06-23,141829000.0
2025-06-24,145353000.0
2025-06-25,147868000.0
2025-06-26,147468000.0
2025-06-27,146487000.0
2025-06-28,147075000.0
2025-06-29,147953000.0
2025-06-30,146200000.0
2025-07-01,145201000.0
2025-07-02,147506000.0
2025-07-03,149093000.0
2025-07-04,147251000.0
2025-07-05,147986000.0
2025-07-06,148266000.0
2025-07-07,147582000.0
2025-07-08,147958000.0
2025-07-09,148217000.0
2025-07-10,151189000.0
2025-07-11,158795000.0
2025-07-12,159428000.0
2025-07-13,160719000.0
2025-07-14,164591000.0
2025-07-15,159384000.0
2025-07-16,162579000.0
2025-07-17,161463000.0
2025-07-18,161300000.0
2025-07-19,161400000.0
2025-07-20,161359000.0
2025-07-21,160866000.0
2025-07-22,161830000.0
2025-07-23,160858000.0
2025-07-24,161714000.0
2025-07-25,158001000.0
2025-07-26,160911000.0
2025-07-27,161630000.0
2025-07-28,161543000.0
2025-07-29,162727000.0
2025-07-30,163598000.0
2025-07-31,163525000.0
2025-08-01,160153000.0
2025-08-02,158785000.0
2025-08-03,159326000.0
2025-08-04,160065000.0
2025-08-05,158697000.0
2025-08-06,160529000.0
2025-08-07,161043000.0
2025-08-08,160601000.0
2025-08-09,160499000.0
2025-08-10,162571000.0
2025-08-11,165457000.0
2025-08-12,164296000.0
2025-08-13,165055000.0
2025-08-14,164598000.0
2025-08-15,163399000.0
2025-08-16,163278000.0
2025-08-17,163505000.0
