Price,Close,High,Low,Open,Volume
Ticker,^IXIC,^IXIC,^IXIC,^IXIC,^IXIC
Datetime,,,,,
2025-03-31 13:30:00+00:00,16929.900390625,17050.484375,16857.09765625,17050.484375,0
2025-03-31 14:30:00+00:00,17046.48828125,17080.037109375,16932.767578125,16932.767578125,914496000
2025-03-31 15:30:00+00:00,17142.57421875,17143.326171875,17033.56640625,17048.0234375,647997000
2025-03-31 16:30:00+00:00,17108.30078125,17161.708984375,17081.404296875,17140.509765625,506789000
2025-03-31 17:30:00+00:00,17224.712890625,17225.921875,17078.474609375,17108.716796875,514841000
2025-03-31 18:30:00+00:00,17220.8515625,17281.267578125,17206.2265625,17225.505859375,650942000
2025-03-31 19:30:00+00:00,17284.9453125,17334.01953125,17215.0859375,17221.310546875,607485000
2025-04-01 13:30:00+00:00,17216.54296875,17322.46875,17150.29296875,17216.173828125,0
2025-04-01 14:30:00+00:00,17429.642578125,17461.58984375,17213.38671875,17213.38671875,1002959000
2025-04-01 15:30:00+00:00,17430.31640625,17506.4921875,17406.330078125,17427.908203125,737969000
2025-04-01 16:30:00+00:00,17391.712890625,17453.419921875,17377.154296875,17432.17578125,601711000
2025-04-01 17:30:00+00:00,17277.6953125,17425.85546875,17264.048828125,17390.591796875,600470000
2025-04-01 18:30:00+00:00,17344.322265625,17364.779296875,17266.767578125,17276.802734375,644354000
2025-04-01 19:30:00+00:00,17448.95703125,17464.96875,17336.65234375,17341.12890625,557230000
2025-04-02 13:30:00+00:00,17436.978515625,17457.724609375,17181.40234375,17204.5546875,0
2025-04-02 14:30:00+00:00,17533.96875,17549.32421875,17412.14453125,17433.052734375,1099542000
2025-04-02 15:30:00+00:00,17610.951171875,17611.529296875,17468.365234375,17531.3671875,804859000
2025-04-02 16:30:00+00:00,17672.833984375,17716.19140625,17586.083984375,17611.830078125,738123000
2025-04-02 17:30:00+00:00,17475.474609375,17671.548828125,17475.474609375,17671.548828125,596769000
2025-04-02 18:30:00+00:00,17542.04296875,17560.65234375,17470.396484375,17470.69140625,609549000
2025-04-02 19:30:00+00:00,17598.099609375,17630.123046875,17529.29296875,17530.01953125,570462000
2025-04-03 13:30:00+00:00,16759.08984375,16889.34375,16708.740234375,16794.974609375,0
2025-04-03 14:30:00+00:00,16669.62109375,16773.3828125,16571.83203125,16762.83203125,1220339000
2025-04-03 15:30:00+00:00,16807.775390625,16819.78515625,16670.830078125,16670.830078125,831686000
2025-04-03 16:30:00+00:00,16697.0859375,16821.60546875,16683.8671875,16813.61328125,645113000
2025-04-03 17:30:00+00:00,16634.166015625,16745.099609375,16620.9296875,16696.3125,617586000
2025-04-03 18:30:00+00:00,16589.62109375,16704.1484375,16586.208984375,16633.376953125,843542000
2025-04-03 19:30:00+00:00,16546.35546875,16614.466796875,16533.7890625,16585.8125,674499000
2025-04-04 13:30:00+00:00,15842.072265625,16128.1298828125,15842.072265625,16053.638671875,0
2025-04-04 14:30:00+00:00,15899.0234375,16065.0068359375,15591.697265625,15850.0048828125,1589965000
2025-04-04 15:30:00+00:00,15745.388671875,15961.0029296875,15731.1015625,15896.0595703125,878724000
2025-04-04 16:30:00+00:00,15714.751953125,15813.013671875,15631.16015625,15741.828125,749901000
2025-04-04 17:30:00+00:00,15675.841796875,15889.8388671875,15666.5732421875,15707.7099609375,754537000
2025-04-04 18:30:00+00:00,15753.7919921875,15788.001953125,15576.57421875,15674.66015625,840343000
2025-04-04 19:30:00+00:00,15592.03125,15865.74609375,15582.083984375,15749.99609375,714328000
2025-04-07 13:30:00+00:00,15437.7392578125,16292.27734375,14786.373046875,14982.0712890625,0
2025-04-07 14:30:00+00:00,15268.138671875,15802.9580078125,15250.4296875,15448.0390625,1735252000
2025-04-07 15:30:00+00:00,15438.2265625,15572.623046875,15267.470703125,15267.470703125,1102470000
2025-04-07 16:30:00+00:00,15650.7578125,15656.4501953125,15293.748046875,15438.1591796875,906830000
2025-04-07 17:30:00+00:00,15611.439453125,15802.63671875,15556.0009765625,15654.4609375,852525000
2025-04-07 18:30:00+00:00,15479.521484375,15746.3662109375,15458.9560546875,15609.4306640625,839881000
2025-04-07 19:30:00+00:00,15594.212890625,15674.4052734375,15476.6884765625,15479.912109375,665339000
2025-04-08 13:30:00+00:00,16261.400390625,16312.26171875,16080.8525390625,16178.1171875,0
2025-04-08 14:30:00+00:00,15960.34375,16284.587890625,15960.34375,16261.8115234375,1181137000
2025-04-08 15:30:00+00:00,15885.75,16086.703125,15823.6357421875,15960.5283203125,810098000
2025-04-08 16:30:00+00:00,15507.0966796875,15905.37890625,15504.9189453125,15889.091796875,999639000
2025-04-08 17:30:00+00:00,15517.1943359375,15727.77734375,15491.697265625,15500.0,716930000
2025-04-08 18:30:00+00:00,15304.982421875,15673.1767578125,15188.044921875,15521.61328125,899997000
2025-04-08 19:30:00+00:00,15282.0263671875,15297.5224609375,15054.626953125,15294.822265625,725110000
2025-04-09 13:30:00+00:00,15478.3466796875,15613.9599609375,15276.5078125,15285.5380859375,0
2025-04-09 14:30:00+00:00,15430.9638671875,15571.11328125,15275.2421875,15480.84375,1271543000
2025-04-09 15:30:00+00:00,15471.27734375,15510.6396484375,15313.6123046875,15432.85546875,887929000
2025-04-09 16:30:00+00:00,16313.7978515625,16651.546875,15458.123046875,15472.658203125,1142314000
2025-04-09 17:30:00+00:00,16903.900390625,16941.166015625,16308.45703125,16347.9033203125,2007463000
2025-04-09 18:30:00+00:00,16996.33984375,17034.068359375,16591.568359375,16901.396484375,1351624000
2025-04-09 19:30:00+00:00,17105.29296875,17201.267578125,16973.837890625,16998.10546875,880123000
2025-04-10 13:30:00+00:00,16540.982421875,16707.95703125,16453.962890625,16645.671875,0
2025-04-10 14:30:00+00:00,16369.30859375,16658.14453125,16367.9755859375,16535.5703125,1142955000
2025-04-10 15:30:00+00:00,15961.7705078125,16381.91796875,15895.8876953125,16369.080078125,1080449000
2025-04-10 16:30:00+00:00,16213.3876953125,16387.0,15964.07421875,15964.07421875,965847000
2025-04-10 17:30:00+00:00,16503.7890625,16512.326171875,16186.3125,16203.5302734375,823358000
2025-04-10 18:30:00+00:00,16310.1005859375,16543.865234375,16310.1005859375,16514.40234375,849021000
2025-04-10 19:30:00+00:00,16390.873046875,16442.123046875,16178.7412109375,16302.69921875,724876000
2025-04-11 13:30:00+00:00,16245.970703125,16547.55078125,16234.515625,16361.1728515625,1859106000
2025-04-11 14:30:00+00:00,16349.4169921875,16469.533203125,16235.287109375,16235.287109375,1095350000
2025-04-11 15:30:00+00:00,16476.28125,16531.267578125,16329.6337890625,16341.755859375,719808000
2025-04-11 16:30:00+00:00,16547.05078125,16667.333984375,16481.853515625,16481.853515625,661104000
2025-04-11 17:30:00+00:00,16654.66796875,16752.8359375,16515.509765625,16547.353515625,748780000
2025-04-11 18:30:00+00:00,16710.2578125,16739.13671875,16623.001953125,16654.03515625,753986000
2025-04-11 19:30:00+00:00,16716.591796875,16746.181640625,16671.7109375,16706.0859375,611407000
2025-04-14 13:30:00+00:00,17003.326171875,17131.447265625,16886.673828125,17114.16015625,0
2025-04-14 14:30:00+00:00,16845.66796875,17051.50390625,16844.515625,17001.828125,1262798000
2025-04-14 15:30:00+00:00,16717.89453125,16879.69140625,16664.97265625,16844.416015625,1268044000
2025-04-14 16:30:00+00:00,16774.849609375,16818.458984375,16696.966796875,16716.8046875,829130000
2025-04-14 17:30:00+00:00,16879.728515625,16884.021484375,16746.87109375,16775.8984375,626823000
2025-04-14 18:30:00+00:00,16923.263671875,16969.853515625,16873.09765625,16879.06640625,638274000
2025-04-14 19:30:00+00:00,16825.94921875,16956.20703125,16820.89453125,16926.7265625,600018000
2025-04-15 13:30:00+00:00,16827.671875,16978.6328125,16797.912109375,16843.181640625,0
2025-04-15 14:30:00+00:00,16873.359375,16934.486328125,16827.123046875,16827.123046875,794519000
2025-04-15 15:30:00+00:00,16914.435546875,16931.173828125,16847.20703125,16874.162109375,618510000
2025-04-15 16:30:00+00:00,16784.25390625,16923.556640625,16774.5,16914.78125,532383000
2025-04-15 17:30:00+00:00,16777.884765625,16835.5703125,16753.21484375,16783.1953125,657388000
2025-04-15 18:30:00+00:00,16814.1171875,16846.599609375,16776.724609375,16776.724609375,778764000
2025-04-15 19:30:00+00:00,16826.388671875,16838.556640625,16784.619140625,16816.224609375,580638000
2025-04-16 13:30:00+00:00,16506.1171875,16568.755859375,16429.623046875,16505.955078125,1980140000
2025-04-16 14:30:00+00:00,16580.32421875,16598.75390625,16477.88671875,16503.873046875,913278000
2025-04-16 15:30:00+00:00,16477.865234375,16579.08984375,16452.125,16579.08984375,697415000
2025-04-16 16:30:00+00:00,16477.74609375,16499.416015625,16429.77734375,16476.822265625,548243000
2025-04-16 17:30:00+00:00,16264.4404296875,16477.751953125,16211.53515625,16477.751953125,741870000
2025-04-16 18:30:00+00:00,16080.3134765625,16266.6455078125,16066.4619140625,16263.765625,679711000
2025-04-16 19:30:00+00:00,16308.20703125,16317.130859375,16084.3662109375,16084.3662109375,680946000
2025-04-17 13:30:00+00:00,16232.8037109375,16402.28515625,16231.2392578125,16402.28515625,0
2025-04-17 14:30:00+00:00,16248.0810546875,16327.4892578125,16181.173828125,16234.3173828125,831631000
2025-04-17 15:30:00+00:00,16341.333984375,16350.91015625,16234.384765625,16252.0126953125,640839000
2025-04-17 16:30:00+00:00,16276.802734375,16368.697265625,16276.802734375,16341.72265625,550841000
2025-04-17 17:30:00+00:00,16376.6416015625,16408.5078125,16277.8076171875,16278.509765625,531677000
2025-04-17 18:30:00+00:00,16282.216796875,16405.21484375,16261.2119140625,16381.38671875,571494000
2025-04-17 19:30:00+00:00,16287.962890625,16322.4208984375,16244.0771484375,16280.9326171875,519632000
2025-04-21 13:30:00+00:00,15861.212890625,16065.3203125,15850.380859375,16049.0341796875,0
2025-04-21 14:30:00+00:00,15812.0087890625,15916.279296875,15805.0810546875,15862.427734375,764132000
2025-04-21 15:30:00+00:00,15777.9345703125,15812.091796875,15748.70703125,15809.212890625,573383000
2025-04-21 16:30:00+00:00,15725.3994140625,15829.7431640625,15717.5537109375,15778.1767578125,503233000
2025-04-21 17:30:00+00:00,15729.8291015625,15746.1259765625,15687.935546875,15725.6396484375,460268000
2025-04-21 18:30:00+00:00,15746.8994140625,15773.548828125,15685.3349609375,15732.205078125,532837000
2025-04-21 19:30:00+00:00,15871.4912109375,15895.9052734375,15749.9931640625,15752.71484375,536699000
2025-04-22 13:30:00+00:00,16175.8134765625,16207.4873046875,16039.1025390625,16067.7041015625,0
2025-04-22 14:30:00+00:00,16250.0029296875,16276.9033203125,16151.2568359375,16175.6494140625,799161000
2025-04-22 15:30:00+00:00,16396.181640625,16409.833984375,16191.4736328125,16249.4404296875,698014000
2025-04-22 16:30:00+00:00,16182.0009765625,16403.5546875,16173.7421875,16396.193359375,573633000
2025-04-22 17:30:00+00:00,16261.685546875,16266.5478515625,16151.357421875,16178.3896484375,437167000
2025-04-22 18:30:00+00:00,16198.8388671875,16305.205078125,16195.328125,16261.8671875,513364000
2025-04-22 19:30:00+00:00,16300.4658203125,16312.455078125,16177.310546875,16190.3896484375,503441000
2025-04-23 13:30:00+00:00,16968.681640625,16992.81640625,16816.779296875,16871.033203125,0
2025-04-23 14:30:00+00:00,16797.9453125,17029.564453125,16779.21484375,16966.234375,1123585000
2025-04-23 15:30:00+00:00,16731.5390625,16830.9453125,16660.994140625,16803.42578125,856008000
2025-04-23 16:30:00+00:00,16812.330078125,16845.404296875,16723.78515625,16731.4921875,561580000
2025-04-23 17:30:00+00:00,16772.337890625,16839.44140625,16754.1953125,16812.658203125,482968000
2025-04-23 18:30:00+00:00,16683.15625,16803.37890625,16667.341796875,16776.654296875,563310000
2025-04-23 19:30:00+00:00,16704.21875,16749.130859375,16642.6640625,16684.0703125,561154000
2025-04-24 13:30:00+00:00,16992.6953125,16992.6953125,16747.62109375,16755.083984375,0
2025-04-24 14:30:00+00:00,16996.611328125,17046.2421875,16951.189453125,16988.953125,978874000
2025-04-24 15:30:00+00:00,17060.38671875,17068.783203125,16980.279296875,16998.001953125,724811000
2025-04-24 16:30:00+00:00,17090.646484375,17108.099609375,17051.546875,17059.86328125,585363000
2025-04-24 17:30:00+00:00,17118.677734375,17122.9453125,17064.640625,17090.97265625,529065000
2025-04-24 18:30:00+00:00,17084.21875,17158.755859375,17071.494140625,17117.7421875,634144000
2025-04-24 19:30:00+00:00,17165.359375,17174.349609375,17082.353515625,17085.46484375,569609000
2025-04-25 13:30:00+00:00,17145.97265625,17263.595703125,17111.85546875,17186.869140625,0
2025-04-25 14:30:00+00:00,17224.677734375,17258.40625,17121.95703125,17154.44140625,837005000
2025-04-25 15:30:00+00:00,17281.10546875,17284.830078125,17192.587890625,17222.728515625,635114000
2025-04-25 16:30:00+00:00,17399.953125,17404.462890625,17274.802734375,17280.59765625,576489000
2025-04-25 17:30:00+00:00,17339.41796875,17396.03125,17241.853515625,17396.03125,613777000
2025-04-25 18:30:00+00:00,17339.912109375,17377.04296875,17335.3046875,17339.115234375,596484000
2025-04-25 19:30:00+00:00,17378.353515625,17387.287109375,17306.396484375,17333.4765625,564323000
2025-04-28 13:30:00+00:00,17340.1640625,17465.4375,17298.27734375,17390.845703125,0
2025-04-28 14:30:00+00:00,17171.37890625,17379.478515625,17169.888671875,17344.318359375,1998296000
2025-04-28 15:30:00+00:00,17141.732421875,17234.5859375,17133.28515625,17172.17578125,1379726000
2025-04-28 16:30:00+00:00,17140.8515625,17207.98046875,17129.154296875,17145.044921875,1172638000
2025-04-28 17:30:00+00:00,17257.4375,17265.087890625,17135.51171875,17141.1796875,722459000
2025-04-28 18:30:00+00:00,17341.916015625,17348.171875,17242.328125,17257.53125,644093000
2025-04-28 19:30:00+00:00,17365.591796875,17406.447265625,17332.75,17338.880859375,646447000
2025-04-29 13:30:00+00:00,17328.46875,17422.421875,17256.798828125,17271.830078125,0
2025-04-29 14:30:00+00:00,17378.3125,17420.93359375,17327.306640625,17327.306640625,1803103000
2025-04-29 15:30:00+00:00,17397.078125,17425.169921875,17339.357421875,17378.359375,976128000
2025-04-29 16:30:00+00:00,17388.9375,17412.849609375,17320.14453125,17398.150390625,975766000
2025-04-29 17:30:00+00:00,17489.93359375,17497.20703125,17387.302734375,17388.197265625,920336000
2025-04-29 18:30:00+00:00,17462.29296875,17500.341796875,17453.96484375,17490.607421875,626801000
2025-04-29 19:30:00+00:00,17459.732421875,17486.048828125,17437.451171875,17465.455078125,568966000
2025-04-30 13:30:00+00:00,17135.01171875,17136.4921875,16959.943359375,17101.666015625,0
2025-04-30 14:30:00+00:00,17221.689453125,17241.080078125,17099.97265625,17135.875,956304000
2025-04-30 15:30:00+00:00,17192.27734375,17268.3984375,17183.103515625,17222.896484375,693412000
2025-04-30 16:30:00+00:00,17247.640625,17249.72265625,17153.9453125,17191.40625,584036000
2025-04-30 17:30:00+00:00,17281.474609375,17350.095703125,17242.759765625,17246.3671875,588355000
2025-04-30 18:30:00+00:00,17272.013671875,17308.244140625,17246.671875,17282.001953125,576026000
2025-04-30 19:30:00+00:00,17427.060546875,17483.82421875,17265.900390625,17272.0546875,598180000
2025-05-01 13:30:00+00:00,17810.41015625,17813.408203125,17701.1953125,17795.31640625,0
2025-05-01 14:30:00+00:00,17879.94140625,17922.23046875,17791.3828125,17811.57421875,988596000
2025-05-01 15:30:00+00:00,17781.669921875,17885.017578125,17734.212890625,17885.017578125,844147000
2025-05-01 16:30:00+00:00,17803.27734375,17831.423828125,17738.888671875,17781.52734375,772093000
2025-05-01 17:30:00+00:00,17819.298828125,17840.169921875,17756.59375,17803.65625,606140000
2025-05-01 18:30:00+00:00,17829.421875,17849.544921875,17794.798828125,17819.27734375,570580000
2025-05-01 19:30:00+00:00,17699.859375,17831.849609375,17688.28515625,17830.4375,563687000
2025-05-02 13:30:00+00:00,17958.408203125,17959.61328125,17816.111328125,17869.6875,1580667620
2025-05-02 14:30:00+00:00,17926.978515625,17980.458984375,17914.134765625,17957.93359375,988634000
2025-05-02 15:30:00+00:00,18009.701171875,18037.7734375,17915.89453125,17923.712890625,790891000
2025-05-02 16:30:00+00:00,17995.83203125,18048.748046875,17981.24609375,18010.642578125,624771000
2025-05-02 17:30:00+00:00,18023.96484375,18035.861328125,17987.681640625,17995.068359375,550784000
2025-05-02 18:30:00+00:00,17996.00390625,18046.408203125,17959.0078125,18024.20703125,622583000
2025-05-02 19:30:00+00:00,17972.708984375,17995.7578125,17935.80859375,17995.7578125,584511000
2025-05-05 13:30:00+00:00,17843.978515625,17891.103515625,17794.001953125,17819.533203125,0
2025-05-05 14:30:00+00:00,17883.03125,17899.970703125,17805.625,17844.603515625,795693000
2025-05-05 15:30:00+00:00,17912.2265625,17917.23046875,17853.7578125,17883.98828125,650376000
2025-05-05 16:30:00+00:00,17920.044921875,17927.515625,17900.958984375,17912.44921875,543139000
2025-05-05 17:30:00+00:00,17943.400390625,17953.01171875,17917.0234375,17917.333984375,493181000
2025-05-05 18:30:00+00:00,17899.083984375,17965.640625,17895.255859375,17943.115234375,567251000
2025-05-05 19:30:00+00:00,17845.974609375,17918.6640625,17834.560546875,17896.279296875,565957000
2025-05-06 13:30:00+00:00,17722.875,17733.103515625,17594.435546875,17627.412109375,0
2025-05-06 14:30:00+00:00,17767.208984375,17767.40234375,17715.2890625,17725.005859375,789490000
2025-05-06 15:30:00+00:00,17738.671875,17829.73828125,17717.072265625,17767.53515625,704973000
2025-05-06 16:30:00+00:00,17701.513671875,17766.107421875,17687.880859375,17738.640625,579707000
2025-05-06 17:30:00+00:00,17735.810546875,17738.484375,17662.193359375,17701.74609375,565801000
2025-05-06 18:30:00+00:00,17757.166015625,17760.59765625,17721.396484375,17735.451171875,572661000
2025-05-06 19:30:00+00:00,17686.73828125,17777.296875,17686.333984375,17757.39453125,565210000
2025-05-07 13:30:00+00:00,17788.630859375,17793.005859375,17689.275390625,17700.533203125,0
2025-05-07 14:30:00+00:00,17621.203125,17792.865234375,17609.619140625,17788.41796875,939519000
2025-05-07 15:30:00+00:00,17611.802734375,17656.939453125,17601.20703125,17618.419921875,712455000
2025-05-07 16:30:00+00:00,17689.9296875,17703.642578125,17608.76953125,17612.314453125,616585000
2025-05-07 17:30:00+00:00,17576.109375,17692.58984375,17503.013671875,17689.861328125,661075000
2025-05-07 18:30:00+00:00,17581.474609375,17679.68359375,17557.703125,17576.4453125,732719000
2025-05-07 19:30:00+00:00,17735.083984375,17817.0234375,17577.48828125,17581.68359375,734520000
2025-05-08 13:30:00+00:00,17862.955078125,17932.162109375,17805.298828125,17920.892578125,0
2025-05-08 14:30:00+00:00,17945.283203125,17962.921875,17776.423828125,17864.044921875,1057221000
2025-05-08 15:30:00+00:00,18040.826171875,18075.591796875,17920.943359375,17937.056640625,933642000
2025-05-08 16:30:00+00:00,18066.1328125,18095.84375,18038.673828125,18040.453125,651943000
2025-05-08 17:30:00+00:00,18035.94140625,18070.109375,18013.224609375,18066.4375,622733000
2025-05-08 18:30:00+00:00,18080.931640625,18091.455078125,18033.796875,18036.38671875,656146000
2025-05-08 19:30:00+00:00,17925.626953125,18084.541015625,17921.4140625,18082.17578125,631026000
2025-05-09 13:30:00+00:00,17919.111328125,18068.541015625,17905.392578125,18023.12890625,0
2025-05-09 14:30:00+00:00,17925.419921875,17965.51953125,17854.302734375,17916.376953125,1186930000
2025-05-09 15:30:00+00:00,17896.259765625,17954.9140625,17875.431640625,17922.796875,816343000
2025-05-09 16:30:00+00:00,17900.69921875,17918.255859375,17874.998046875,17892.681640625,643188000
2025-05-09 17:30:00+00:00,17915.234375,17947.587890625,17887.31640625,17900.595703125,590214000
2025-05-09 18:30:00+00:00,17943.06640625,17965.9609375,17914.771484375,17915.861328125,670229000
2025-05-09 19:30:00+00:00,17925.759765625,17953.833984375,17920.0625,17943.357421875,641874000
2025-05-12 13:30:00+00:00,18509.853515625,18664.8828125,18502.28515625,18664.8828125,0
2025-05-12 14:30:00+00:00,18551.08203125,18576.01953125,18474.115234375,18515.958984375,1538979000
2025-05-12 15:30:00+00:00,18590.099609375,18601.265625,18530.927734375,18554.0546875,1178961000
2025-05-12 16:30:00+00:00,18664.828125,18693.189453125,18588.56640625,18588.625,776232000
2025-05-12 17:30:00+00:00,18685.330078125,18690.80078125,18659.9296875,18664.943359375,718932000
2025-05-12 18:30:00+00:00,18650.34375,18701.138671875,18643.619140625,18685.927734375,847652000
2025-05-12 19:30:00+00:00,18708.609375,18710.21875,18633.6875,18648.427734375,687236000
2025-05-13 13:30:00+00:00,18954.869140625,18979.162109375,18745.501953125,18760.341796875,0
2025-05-13 14:30:00+00:00,19004.27734375,19011.46875,18928.01171875,18954.513671875,1180246000
2025-05-13 15:30:00+00:00,19021.73046875,19024.83203125,18976.548828125,19001.115234375,847578000
2025-05-13 16:30:00+00:00,19033.591796875,19051.607421875,19007.10546875,19020.4375,661773000
2025-05-13 17:30:00+00:00,19031.236328125,19062.234375,19001.345703125,19033.76171875,653267000
2025-05-13 18:30:00+00:00,19048.251953125,19065.849609375,19007.2578125,19030.927734375,701566000
2025-05-13 19:30:00+00:00,19007.275390625,19064.70703125,18996.375,19044.921875,643229000
2025-05-14 13:30:00+00:00,19092.63671875,19147.78125,19024.236328125,19078.947265625,0
2025-05-14 14:30:00+00:00,19129.689453125,19134.30859375,19055.658203125,19094.97265625,1842245000
2025-05-14 15:30:00+00:00,19146.228515625,19155.505859375,19122.125,19125.7734375,1055866000
2025-05-14 16:30:00+00:00,19075.080078125,19174.548828125,19046.283203125,19146.39453125,960629000
2025-05-14 17:30:00+00:00,19099.74609375,19126.822265625,19073.1796875,19074.921875,882984000
2025-05-14 18:30:00+00:00,19107.2265625,19146.4375,19090.49609375,19098.662109375,842312000
2025-05-14 19:30:00+00:00,19142.990234375,19154.73828125,19085.595703125,19105.25390625,707754000
2025-05-15 13:30:00+00:00,18999.015625,19067.158203125,18975.099609375,19026.6796875,0
2025-05-15 14:30:00+00:00,19102.341796875,19112.84375,18968.197265625,18998.71484375,1361019000
2025-05-15 15:30:00+00:00,19135.42578125,19150.294921875,19081.193359375,19101.193359375,913742000
2025-05-15 16:30:00+00:00,19199.087890625,19207.0234375,19124.53125,19134.09765625,812662000
2025-05-15 17:30:00+00:00,19108.517578125,19199.41796875,19078.87109375,19199.41796875,770652000
2025-05-15 18:30:00+00:00,19025.341796875,19133.458984375,19013.98046875,19109.267578125,752041000
2025-05-15 19:30:00+00:00,19101.48046875,19106.75390625,19031.404296875,19031.509765625,618979000
2025-05-16 13:30:00+00:00,19133.353515625,19170.681640625,19115.46484375,19152.244140625,0
2025-05-16 14:30:00+00:00,19108.611328125,19131.564453125,19039.80078125,19131.564453125,1518319000
2025-05-16 15:30:00+00:00,19146.203125,19157.15234375,19110.53125,19110.53125,1021685000
2025-05-16 16:30:00+00:00,19170.513671875,19172.330078125,19131.986328125,19146.419921875,687523000
2025-05-16 17:30:00+00:00,19174.6015625,19185.8828125,19151.044921875,19170.533203125,677803000
2025-05-16 18:30:00+00:00,19198.896484375,19213.310546875,19170.7109375,19173.05859375,803429000
2025-05-16 19:30:00+00:00,19211.619140625,19211.619140625,19170.8671875,19198.376953125,739322000
2025-05-19 13:30:00+00:00,19098.298828125,19157.4765625,18945.583984375,18946.19140625,0
2025-05-19 14:30:00+00:00,19105.92578125,19130.591796875,19081.0078125,19098.140625,1387974000
2025-05-19 15:30:00+00:00,19165.6484375,19168.396484375,19103.71484375,19106.412109375,924131000
2025-05-19 16:30:00+00:00,19207.806640625,19227.126953125,19144.458984375,19165.705078125,936324000
2025-05-19 17:30:00+00:00,19156.580078125,19222.79296875,19147.890625,19207.623046875,1001278000
2025-05-19 18:30:00+00:00,19157.421875,19194.40234375,19147.90625,19156.69140625,865859000
2025-05-19 19:30:00+00:00,19218.197265625,19220.314453125,19156.240234375,19157.21484375,739425000
2025-05-20 13:30:00+00:00,19112.126953125,19155.65625,19072.078125,19134.55859375,0
2025-05-20 14:30:00+00:00,19140.123046875,19159.490234375,19104.34375,19110.544921875,1131591000
2025-05-20 15:30:00+00:00,19148.6640625,19160.841796875,19115.658203125,19140.7421875,788537000
2025-05-20 16:30:00+00:00,19167.42578125,19186.205078125,19148.2890625,19148.46875,623505000
2025-05-20 17:30:00+00:00,19072.943359375,19168.65234375,19067.353515625,19167.611328125,680616000
2025-05-20 18:30:00+00:00,19087.28515625,19099.060546875,19019.486328125,19070.220703125,727080000
2025-05-20 19:30:00+00:00,19144.669921875,19147.4296875,19089.92578125,19089.966796875,661227000
2025-05-21 13:30:00+00:00,19094.576171875,19123.291015625,19002.330078125,19002.330078125,0
2025-05-21 14:30:00+00:00,19211.34375,19222.828125,19081.5703125,19096.66015625,1253161000
2025-05-21 15:30:00+00:00,19220.12890625,19240.505859375,19187.240234375,19210.591796875,821564000
2025-05-21 16:30:00+00:00,18915.66796875,19241.373046875,18915.66796875,19219.4140625,898271000
2025-05-21 17:30:00+00:00,18946.4609375,19026.779296875,18885.77734375,18904.099609375,813449000
2025-05-21 18:30:00+00:00,18821.84375,18982.12109375,18799.203125,18945.119140625,769807000
2025-05-21 19:30:00+00:00,18872.228515625,18926.107421875,18821.5234375,18821.5234375,650616000
2025-05-22 13:30:00+00:00,18964.17578125,19043.384765625,18841.42578125,18889.50390625,0
2025-05-22 14:30:00+00:00,18943.4375,18991.423828125,18908.8671875,18964.830078125,1091895000
2025-05-22 15:30:00+00:00,18999.5859375,19041.171875,18939.69140625,18940.85546875,789982000
2025-05-22 16:30:00+00:00,18993.888671875,19001.8046875,18934.765625,18998.46875,653807000
2025-05-22 17:30:00+00:00,19018.28515625,19033.984375,18980.095703125,18994.171875,636881000
2025-05-22 18:30:00+00:00,19049.375,19060.939453125,19003.9609375,19017.45703125,636085000
2025-05-22 19:30:00+00:00,18916.326171875,19052.54296875,18916.326171875,19050.69140625,621553000
2025-05-23 13:30:00+00:00,18714.724609375,18752.466796875,18607.65234375,18623.150390625,0
2025-05-23 14:30:00+00:00,18729.119140625,18751.9921875,18671.49609375,18714.59765625,1035995000
2025-05-23 15:30:00+00:00,18738.201171875,18766.107421875,18700.451171875,18731.01953125,834120000
2025-05-23 16:30:00+00:00,18828.34765625,18828.48828125,18712.685546875,18738.001953125,777930000
2025-05-23 17:30:00+00:00,18798.263671875,18841.51953125,18778.44921875,18825.59375,801059000
2025-05-23 18:30:00+00:00,18771.865234375,18820.466796875,18753.505859375,18797.3515625,627007000
2025-05-23 19:30:00+00:00,18740.8203125,18806.640625,18725.380859375,18769.080078125,574204000
2025-05-27 13:30:00+00:00,19105.62890625,19118.3125,18964.609375,19020.71875,0
2025-05-27 14:30:00+00:00,19122.78125,19128.671875,19085.791015625,19107.818359375,1144793000
2025-05-27 15:30:00+00:00,19146.453125,19155.8046875,19104.275390625,19121.18359375,797344000
2025-05-27 16:30:00+00:00,19180.740234375,19191.080078125,19146.029296875,19146.029296875,755565000
2025-05-27 17:30:00+00:00,19184.404296875,19210.884765625,19174.78125,19178.83984375,627975000
2025-05-27 18:30:00+00:00,19163.8203125,19188.9921875,19157.462890625,19183.6328125,656116000
2025-05-27 19:30:00+00:00,19197.8515625,19197.8515625,19145.564453125,19163.5703125,667819000
2025-05-28 13:30:00+00:00,19174.75390625,19273.05859375,19162.87109375,19237.71875,0
2025-05-28 14:30:00+00:00,19177.46484375,19190.10546875,19147.763671875,19173.99609375,1068816000
2025-05-28 15:30:00+00:00,19184.5703125,19189.48828125,19154.53515625,19177.03125,839408000
2025-05-28 16:30:00+00:00,19199.048828125,19204.640625,19169.23828125,19182.05859375,608783000
2025-05-28 17:30:00+00:00,19197.853515625,19217.5625,19180.052734375,19198.3203125,538832000
2025-05-28 18:30:00+00:00,19182.517578125,19224.064453125,19136.525390625,19198.31640625,642154000
2025-05-28 19:30:00+00:00,19103.412109375,19183.271484375,19085.404296875,19181.98046875,656139000
2025-05-29 13:30:00+00:00,19218.26171875,19386.08203125,19158.833984375,19385.89453125,0
2025-05-29 14:30:00+00:00,19261.29296875,19275.357421875,19201.21484375,19215.6171875,1343367000
2025-05-29 15:30:00+00:00,19192.83203125,19263.8515625,19093.345703125,19261.90234375,1096304000
2025-05-29 16:30:00+00:00,19185.52734375,19233.494140625,19181.404296875,19190.60546875,815891000
2025-05-29 17:30:00+00:00,19105.9921875,19197.162109375,19096.1640625,19185.447265625,680966000
2025-05-29 18:30:00+00:00,19138.119140625,19166.68359375,19104.720703125,19104.720703125,767127000
2025-05-29 19:30:00+00:00,19175.7109375,19198.01171875,19136.6796875,19138.560546875,636431000
2025-05-30 13:30:00+00:00,19122.361328125,19124.251953125,19002.955078125,19118.591796875,0
2025-05-30 14:30:00+00:00,19107.787109375,19134.1640625,19069.07421875,19113.46484375,863861000
2025-05-30 15:30:00+00:00,18947.486328125,19111.99609375,18934.548828125,19104.66796875,851273000
2025-05-30 16:30:00+00:00,18931.513671875,18940.384765625,18850.357421875,18932.708984375,843467000
2025-05-30 17:30:00+00:00,19031.75,19034.49609375,18929.388671875,18936.650390625,541665000
2025-05-30 18:30:00+00:00,19116.44921875,19118.75390625,19011.599609375,19029.9609375,636705000
2025-05-30 19:30:00+00:00,19100.236328125,19151.443359375,19087.38671875,19090.771484375,713997000
2025-06-02 13:30:00+00:00,19103.3828125,19189.615234375,18989.197265625,19077.125,0
2025-06-02 14:30:00+00:00,19105.85546875,19141.5,19086.2734375,19104.41796875,973876000
2025-06-02 15:30:00+00:00,19151.38671875,19166.423828125,19094.896484375,19107.8359375,739187000
2025-06-02 16:30:00+00:00,19171.634765625,19189.228515625,19142.89453125,19151.04296875,672288000
2025-06-02 17:30:00+00:00,19216.689453125,19220.138671875,19154.5390625,19172.359375,713150000
2025-06-02 18:30:00+00:00,19243.998046875,19248.375,19210.712890625,19223.16015625,623532000
2025-06-02 19:30:00+00:00,19245.87890625,19245.87890625,19220.158203125,19236.62109375,618113000
2025-06-03 13:30:00+00:00,19336.2421875,19344.146484375,19224.966796875,19308.177734375,0
2025-06-03 14:30:00+00:00,19383.67578125,19392.81640625,19309.931640625,19333.69140625,1040975000
2025-06-03 15:30:00+00:00,19416.083984375,19419.642578125,19374.79296875,19382.30859375,751053000
2025-06-03 16:30:00+00:00,19449.70703125,19458.591796875,19422.515625,19422.515625,583680000
2025-06-03 17:30:00+00:00,19393.669921875,19450.826171875,19359.76171875,19448.9375,622821000
2025-06-03 18:30:00+00:00,19407.88671875,19421.73046875,19398.669921875,19406.853515625,733674000
2025-06-03 19:30:00+00:00,19387.365234375,19413.259765625,19369.416015625,19411.751953125,526216000
2025-06-04 13:30:00+00:00,19451.52734375,19491.44921875,19360.287109375,19443.951171875,0
2025-06-04 14:30:00+00:00,19462.384765625,19472.140625,19420.373046875,19451.361328125,969995000
2025-06-04 15:30:00+00:00,19419.623046875,19467.541015625,19412.890625,19442.73828125,719013000
2025-06-04 16:30:00+00:00,19465.322265625,19468.05859375,19407.361328125,19420.025390625,597875000
2025-06-04 17:30:00+00:00,19473.552734375,19485.92578125,19457.734375,19464.884765625,531826000
2025-06-04 18:30:00+00:00,19480.1328125,19492.6953125,19473.541015625,19482.4296875,581442000
2025-06-04 19:30:00+00:00,19463.70703125,19484.119140625,19456.130859375,19479.0078125,0
2025-06-05 13:30:00+00:00,19489.421875,19533.8046875,19399.359375,19518.716796875,2058863000
2025-06-05 14:30:00+00:00,19603.357421875,19604.142578125,19416.517578125,19488.375,1076083000
2025-06-05 15:30:00+00:00,19553.2421875,19609.59765625,19516.841796875,19601.9921875,804249000
2025-06-05 16:30:00+00:00,19474.82421875,19557.169921875,19379.2578125,19553.111328125,739637000
2025-06-05 17:30:00+00:00,19415.107421875,19488.326171875,19351.9296875,19472.42578125,593672000
2025-06-05 18:30:00+00:00,19292.943359375,19445.177734375,19227.216796875,19417.166015625,818856000
2025-06-05 19:30:00+00:00,19292.193359375,19368.00390625,19284.00390625,19284.00390625,607555000
2025-06-06 13:30:00+00:00,19510.134765625,19581.806640625,19497.080078125,19525.208984375,0
2025-06-06 14:30:00+00:00,19510.681640625,19574.0390625,19475.67578125,19515.0390625,968462000
2025-06-06 15:30:00+00:00,19518.86328125,19555.525390625,19499.283203125,19512.431640625,659919000
2025-06-06 16:30:00+00:00,19522.564453125,19531.78515625,19465.1953125,19523.025390625,548350000
2025-06-06 17:30:00+00:00,19570.822265625,19586.26953125,19527.65625,19533.27734375,508714000
2025-06-06 18:30:00+00:00,19544.0859375,19591.771484375,19537.1875,19576.8046875,619428000
2025-06-06 19:30:00+00:00,19538.2421875,19552.703125,19530.591796875,19541.7109375,486893000
2025-06-09 13:30:00+00:00,19612.662109375,19625.078125,19532.048828125,19578.080078125,0
2025-06-09 14:30:00+00:00,19579.55859375,19637.01953125,19571.73046875,19612.583984375,3656482000
2025-06-09 15:30:00+00:00,19580.314453125,19601.43359375,19569.873046875,19580.38671875,941973000
2025-06-09 16:30:00+00:00,19602.36328125,19634.779296875,19581.123046875,19581.296875,1161007000
2025-06-09 17:30:00+00:00,19619.3515625,19626.412109375,19591.685546875,19601.37109375,780400000
2025-06-09 18:30:00+00:00,19612.380859375,19626.080078125,19597.619140625,19614.68359375,761093000
2025-06-09 19:30:00+00:00,19600.625,19619.0859375,19593.318359375,19606.30078125,652876000
2025-06-10 13:30:00+00:00,19649.17578125,19663.67578125,19600.236328125,19620.724609375,0
2025-06-10 14:30:00+00:00,19634.041015625,19661.728515625,19628.66796875,19646.8046875,1540762000
2025-06-10 15:30:00+00:00,19666.92578125,19671.46484375,19539.267578125,19632.994140625,1060969000
2025-06-10 16:30:00+00:00,19647.890625,19680.96484375,19647.890625,19666.98046875,0
2025-06-10 17:30:00+00:00,19630.751953125,19649.111328125,19591.2734375,19648.005859375,8163513000
2025-06-10 18:30:00+00:00,19708.90625,19730.16015625,19629.369140625,19630.4296875,780229000
2025-06-10 19:30:00+00:00,19716.240234375,19716.240234375,19667.896484375,19708.720703125,790697000
2025-06-11 13:30:00+00:00,19794.83984375,19799.78125,19691.3046875,19777.15625,0
2025-06-11 14:30:00+00:00,19763.390625,19800.330078125,19744.001953125,19792.150390625,0
2025-06-11 15:30:00+00:00,19709.33984375,19768.92578125,19657.2265625,19761.619140625,5972827000
2025-06-11 16:30:00+00:00,19741.10546875,19750.3046875,19697.44140625,19710.095703125,657588000
2025-06-11 17:30:00+00:00,19598.125,19743.396484375,19551.52734375,19741.763671875,735955000
2025-06-11 18:30:00+00:00,19593.3515625,19648.5078125,19570.021484375,19597.921875,674367000
2025-06-11 19:30:00+00:00,19621.458984375,19621.458984375,19573.201171875,19593.15234375,661845000
2025-06-12 13:30:00+00:00,19639.69921875,19645.966796875,19555.970703125,19582.296875,0
2025-06-12 14:30:00+00:00,19635.30859375,19689.966796875,19616.19921875,19642.12890625,1573910000
2025-06-12 15:30:00+00:00,19671.236328125,19676.173828125,19619.5,19633.9609375,1252069000
2025-06-12 16:30:00+00:00,19663.853515625,19681.759765625,19642.09765625,19670.29296875,1677485000
2025-06-12 17:30:00+00:00,19644.857421875,19686.7421875,19635.96875,19666.13671875,1193174000
2025-06-12 18:30:00+00:00,19660.515625,19673.74609375,19634.49609375,19645.849609375,852608000
2025-06-12 19:30:00+00:00,19660.32421875,19660.32421875,19624.806640625,19660.267578125,763045000
2025-06-13 13:30:00+00:00,19380.685546875,19531.052734375,19374.8125,19454.7109375,0
2025-06-13 14:30:00+00:00,19533.958984375,19538.701171875,19378.69921875,19379.82421875,1249872000
2025-06-13 15:30:00+00:00,19565.96484375,19591.59375,19529.474609375,19537.787109375,656850000
2025-06-13 16:30:00+00:00,19529.556640625,19586.708984375,19516.4921875,19566.98828125,610315000
2025-06-13 17:30:00+00:00,19433.0234375,19550.537109375,19430.931640625,19528.892578125,620615000
2025-06-13 18:30:00+00:00,19392.703125,19442.82421875,19369.31640625,19431.52734375,721560000
2025-06-13 19:30:00+00:00,19408.349609375,19425.208984375,19369.501953125,19392.673828125,672586000
2025-06-16 13:30:00+00:00,19706.416015625,19706.61328125,19557.271484375,19557.271484375,0
2025-06-16 14:30:00+00:00,19703.408203125,19733.306640625,19695.298828125,19706.921875,1303981000
2025-06-16 15:30:00+00:00,19692.130859375,19715.76171875,19679.265625,19703.6796875,862561000
2025-06-16 16:30:00+00:00,19715.5859375,19720.357421875,19672.689453125,19693.806640625,1064196000
2025-06-16 17:30:00+00:00,19695.048828125,19723.408203125,19679.8671875,19715.9765625,596943000
2025-06-16 18:30:00+00:00,19693.888671875,19703.05859375,19666.671875,19696.654296875,603845000
2025-06-16 19:30:00+00:00,19701.55859375,19703.83203125,19673.599609375,19694.59765625,616633000
2025-06-17 13:30:00+00:00,19631.47265625,19655.505859375,19568.306640625,19632.984375,1902552405
2025-06-17 14:30:00+00:00,19624.1953125,19658.193359375,19612.0859375,19630.818359375,1005064000
2025-06-17 15:30:00+00:00,19652.677734375,19664.328125,19614.6171875,19623.365234375,708178000
2025-06-17 16:30:00+00:00,19575.4296875,19666.451171875,19570.3515625,19651.822265625,718053000
2025-06-17 17:30:00+00:00,19505.724609375,19602.501953125,19492.041015625,19557.708984375,666705000
2025-06-17 18:30:00+00:00,19547.521484375,19550.01953125,19485.552734375,19505.685546875,614284000
2025-06-17 19:30:00+00:00,19519.4765625,19557.576171875,19515.486328125,19549.603515625,610111000
2025-06-18 13:30:00+00:00,19640.77734375,19644.482421875,19491.8984375,19527.787109375,0
2025-06-18 14:30:00+00:00,19624.44140625,19660.654296875,19621.66015625,19639.830078125,858800000
2025-06-18 15:30:00+00:00,19611.732421875,19648.912109375,19604.009765625,19632.28125,707894000
2025-06-18 16:30:00+00:00,19571.654296875,19629.732421875,19571.654296875,19610.95703125,575004000
2025-06-18 17:30:00+00:00,19597.71484375,19650.205078125,19542.798828125,19571.724609375,587721000
2025-06-18 18:30:00+00:00,19528.634765625,19643.0859375,19496.380859375,19594.84765625,713700000
2025-06-18 19:30:00+00:00,19544.751953125,19592.935546875,19519.14453125,19523.685546875,611452000
2025-06-20 13:30:00+00:00,19525.05078125,19695.33203125,19493.818359375,19648.453125,0
2025-06-20 14:30:00+00:00,19466.38671875,19543.5859375,19388.55859375,19520.419921875,1008387000
2025-06-20 15:30:00+00:00,19465.185546875,19509.61328125,19443.376953125,19460.021484375,808098000
2025-06-20 16:30:00+00:00,19408.375,19501.900390625,19408.375,19465.232421875,628163000
2025-06-20 17:30:00+00:00,19472.5234375,19486.369140625,19381.2734375,19400.0625,542622000
2025-06-20 18:30:00+00:00,19417.455078125,19485.451171875,19410.138671875,19473.896484375,565424000
2025-06-20 19:30:00+00:00,19446.185546875,19462.16796875,19409.509765625,19417.57421875,718400000
2025-06-23 13:30:00+00:00,19553.876953125,19572.34375,19345.357421875,19426.513671875,0
2025-06-23 14:30:00+00:00,19536.51171875,19575.65234375,19524.51171875,19555.2109375,994436000
2025-06-23 15:30:00+00:00,19436.65625,19539.97265625,19434.529296875,19536.462890625,799254000
2025-06-23 16:30:00+00:00,19574.28125,19577.865234375,19335.3828125,19436.337890625,1060282000
2025-06-23 17:30:00+00:00,19601.568359375,19633.640625,19584.3046875,19584.3046875,682057000
2025-06-23 18:30:00+00:00,19614.169921875,19624.447265625,19588.341796875,19602.330078125,546873000
2025-06-23 19:30:00+00:00,19631.384765625,19643.6875,19594.0390625,19612.4140625,603831000
2025-06-24 13:30:00+00:00,19832.857421875,19869.6328125,19797.962890625,19810.23046875,0
2025-06-24 14:30:00+00:00,19895.076171875,19897.923828125,19832.80078125,19833.203125,1024873000
2025-06-24 15:30:00+00:00,19913.513671875,19915.6953125,19884.46484375,19899.052734375,727547000
2025-06-24 16:30:00+00:00,19906.455078125,19937.4140625,19902.048828125,19912.857421875,600415000
2025-06-24 17:30:00+00:00,19924.73046875,19940.599609375,19906.330078125,19906.330078125,562923000
2025-06-24 18:30:00+00:00,19925.07421875,19946.6484375,19918.71875,19924.931640625,622955000
2025-06-24 19:30:00+00:00,19912.783203125,19934.734375,19909.474609375,19923.783203125,662053000
2025-06-25 13:30:00+00:00,19998.94921875,20052.78125,19977.45703125,20012.375,0
2025-06-25 14:30:00+00:00,19980.130859375,20029.21484375,19961.908203125,20005.0234375,1014650000
2025-06-25 15:30:00+00:00,19955.572265625,19979.21875,19943.43359375,19979.171875,716662000
2025-06-25 16:30:00+00:00,19970.9296875,19975.18359375,19940.71875,19954.8984375,664403000
2025-06-25 17:30:00+00:00,19950.923828125,19971.439453125,19919.423828125,19970.7890625,563342000
2025-06-25 18:30:00+00:00,19960.61328125,19980.595703125,19931.83984375,19951.046875,617229000
2025-06-25 19:30:00+00:00,19973.69921875,19975.81640625,19938.318359375,19961.380859375,614484000
2025-06-26 13:30:00+00:00,20081.166015625,20082.1875,19984.62109375,20067.337890625,0
2025-06-26 14:30:00+00:00,20074.2109375,20111.818359375,20073.5546875,20080.619140625,3390786000
2025-06-26 15:30:00+00:00,20114.767578125,20128.265625,20062.384765625,20072.66015625,749380000
2025-06-26 16:30:00+00:00,20138.830078125,20141.798828125,20104.24609375,20113.796875,739519000
2025-06-26 17:30:00+00:00,20173.5390625,20182.23828125,20139.21484375,20139.37890625,609231000
2025-06-26 18:30:00+00:00,20170.060546875,20180.23828125,20155.3515625,20173.990234375,717581000
2025-06-26 19:30:00+00:00,20170.7421875,20186.9609375,20154.9609375,20170.169921875,699601000
2025-06-27 13:30:00+00:00,20270.595703125,20299.716796875,20212.8515625,20226.16015625,2018588000
2025-06-27 14:30:00+00:00,20272.509765625,20290.1640625,20250.46875,20270.25,954387000
2025-06-27 15:30:00+00:00,20290.6171875,20308.50390625,20276.857421875,20278.05078125,782826000
2025-06-27 16:30:00+00:00,20269.650390625,20292.4609375,20265.67578125,20290.384765625,588570000
2025-06-27 17:30:00+00:00,20178.953125,20271.87890625,20172.890625,20266.701171875,684359000
2025-06-27 18:30:00+00:00,20163.732421875,20175.169921875,20097.55078125,20148.609375,757758000
2025-06-27 19:30:00+00:00,20254.9765625,20257.53125,20176.6328125,20177.890625,605245000
2025-06-30 13:30:00+00:00,20313.470703125,20375.9296875,20296.611328125,20361.544921875,0
2025-06-30 14:30:00+00:00,20302.84765625,20328.087890625,20293.212890625,20324.453125,983969000
2025-06-30 15:30:00+00:00,20313.43359375,20341.107421875,20296.0625,20302.056640625,775661000
2025-06-30 16:30:00+00:00,20320.24609375,20341.259765625,20310.525390625,20313.599609375,626842000
2025-06-30 17:30:00+00:00,20305.095703125,20323.615234375,20286.4765625,20320.1484375,583901000
2025-06-30 18:30:00+00:00,20372.884765625,20385.11328125,20267.57421875,20304.96875,694131000
2025-06-30 19:30:00+00:00,20368.4296875,20418.138671875,20359.875,20372.07421875,705001000
2025-07-01 13:30:00+00:00,20266.958984375,20337.5625,20257.892578125,20281.515625,0
2025-07-01 14:30:00+00:00,20194.4921875,20278.560546875,20105.837890625,20274.056640625,1235233000
2025-07-01 15:30:00+00:00,20207.580078125,20217.2421875,20139.78125,20193.044921875,1004026000
2025-07-01 16:30:00+00:00,20249.103515625,20262.322265625,20198.498046875,20206.62890625,721635000
2025-07-01 17:30:00+00:00,20242.306640625,20274.005859375,20236.638671875,20251.580078125,550285000
2025-07-01 18:30:00+00:00,20235.76171875,20260.1328125,20172.93359375,20242.123046875,658164000
2025-07-01 19:30:00+00:00,20203.591796875,20250.27734375,20199.763671875,20236.404296875,619457000
2025-07-02 13:30:00+00:00,20325.392578125,20326.94921875,20186.193359375,20186.193359375,0
2025-07-02 14:30:00+00:00,20341.662109375,20381.552734375,20326.380859375,20331.19921875,1085380000
2025-07-02 15:30:00+00:00,20364.2890625,20376.388671875,20339.857421875,20339.857421875,804904000
2025-07-02 16:30:00+00:00,20363.541015625,20378.658203125,20354.7265625,20364.78125,650844000
2025-07-02 17:30:00+00:00,20367.1640625,20371.240234375,20350.828125,20362.609375,561031000
2025-07-02 18:30:00+00:00,20370.162109375,20377.609375,20363.169921875,20370.888671875,691414000
2025-07-02 19:30:00+00:00,20392.78515625,20395.76171875,20359.646484375,20368.326171875,634220000
2025-07-03 13:30:00+00:00,20580.1796875,20589.03515625,20481.90625,20509.208984375,0
2025-07-03 14:30:00+00:00,20588.345703125,20597.845703125,20564.806640625,20584.06640625,1014771000
2025-07-03 15:30:00+00:00,20601.314453125,20624.32421875,20595.078125,20595.078125,832461000
2025-07-07 13:30:00+00:00,20483.890625,20511.060546875,20460.23046875,20492.5234375,0
2025-07-07 14:30:00+00:00,20463.361328125,20482.61328125,20440.0625,20482.61328125,1009966000
2025-07-07 15:30:00+00:00,20426.099609375,20489.818359375,20378.68359375,20460.744140625,764780000
2025-07-07 16:30:00+00:00,20403.478515625,20450.4453125,20388.12109375,20425.767578125,634069000
2025-07-07 17:30:00+00:00,20355.037109375,20445.21484375,20336.02734375,20403.69140625,566626000
2025-07-07 18:30:00+00:00,20391.96484375,20405.40625,20323.015625,20326.88671875,590205000
2025-07-07 19:30:00+00:00,20417.91796875,20417.91796875,20379.833984375,20384.91796875,681739000
2025-07-08 13:30:00+00:00,20405.291015625,20476.1328125,20388.4375,20464.728515625,1743968697
2025-07-08 14:30:00+00:00,20393.3359375,20463.841796875,20377.384765625,20426.048828125,1116664000
2025-07-08 15:30:00+00:00,20467.95703125,20478.107421875,20394.6953125,20394.6953125,817753000
2025-07-08 16:30:00+00:00,20432.859375,20470.52734375,20407.7890625,20469.544921875,658742000
2025-07-08 17:30:00+00:00,20431.33203125,20459.033203125,20416.884765625,20434.287109375,619204000
2025-07-08 18:30:00+00:00,20410.884765625,20439.3671875,20395.88671875,20432.001953125,640305000
2025-07-08 19:30:00+00:00,20419.40234375,20423.595703125,20394.087890625,20410.5234375,651994000
2025-07-09 13:30:00+00:00,20607.88671875,20640.595703125,20522.0859375,20522.0859375,0
2025-07-09 14:30:00+00:00,20536.39453125,20582.376953125,20486.45703125,20582.376953125,0
2025-07-09 15:30:00+00:00,20536.525390625,20545.390625,20511.123046875,20536.755859375,5695401000
2025-07-09 16:30:00+00:00,20545.01953125,20561.78125,20532.65234375,20536.35546875,787323000
2025-07-09 17:30:00+00:00,20570.140625,20580.1171875,20519.341796875,20544.93359375,704186000
2025-07-09 18:30:00+00:00,20588.015625,20597.13671875,20563.43359375,20570.013671875,663242000
2025-07-09 19:30:00+00:00,20608.41015625,20610.740234375,20582.705078125,20586.890625,669681000
2025-07-10 13:30:00+00:00,20520.068359375,20652.357421875,20499.591796875,20645.763671875,2369571000
2025-07-10 14:30:00+00:00,20593.732421875,20596.25,20525.09765625,20526.080078125,1162971000
2025-07-10 15:30:00+00:00,20608.9375,20614.04296875,20572.931640625,20595.822265625,905159000
2025-07-10 16:30:00+00:00,20624.953125,20629.201171875,20591.484375,20609.595703125,683567000
2025-07-10 17:30:00+00:00,20641.267578125,20653.2421875,20625.033203125,20625.041015625,649028000
2025-07-10 18:30:00+00:00,20642.21484375,20651.923828125,20634.72265625,20641.794921875,648994000
2025-07-10 19:30:00+00:00,20628.556640625,20655.068359375,20609.28125,20641.919921875,674360000
2025-07-11 13:30:00+00:00,20629.7578125,20634.390625,20514.255859375,20568.67578125,2375874000
2025-07-11 14:30:00+00:00,20588.095703125,20635.6875,20557.705078125,20627.876953125,1106945000
2025-07-11 15:30:00+00:00,20624.8203125,20643.107421875,20589.67578125,20589.67578125,729258000
2025-07-11 16:30:00+00:00,20640.12890625,20647.818359375,20607.154296875,20624.615234375,538763000
2025-07-11 17:30:00+00:00,20630.365234375,20646.001953125,20601.978515625,20640.033203125,632037000
2025-07-11 18:30:00+00:00,20608.896484375,20646.79296875,20566.78125,20630.396484375,745059000
2025-07-11 19:30:00+00:00,20583.83984375,20607.76171875,20583.748046875,20607.76171875,658725000
2025-07-14 13:30:00+00:00,20565.1796875,20614.759765625,20494.31640625,20585.62890625,0
2025-07-14 14:30:00+00:00,20626.826171875,20639.19140625,20554.59375,20561.259765625,1030027000
2025-07-14 15:30:00+00:00,20630.703125,20642.44921875,20613.759765625,20628.748046875,698855000
2025-07-14 16:30:00+00:00,20656.916015625,20672.216796875,20621.318359375,20630.626953125,622681000
2025-07-14 17:30:00+00:00,20656.8671875,20669.40234375,20644.861328125,20657.111328125,587336000
2025-07-14 18:30:00+00:00,20645.4765625,20662.853515625,20640.64453125,20655.51171875,618515000
2025-07-14 19:30:00+00:00,20641.318359375,20647.251953125,20625.02734375,20642.2265625,613398000
2025-07-15 13:30:00+00:00,20789.587890625,20833.228515625,20751.251953125,20833.228515625,0
2025-07-15 14:30:00+00:00,20779.333984375,20784.822265625,20721.43359375,20784.111328125,996002000
2025-07-15 15:30:00+00:00,20773.193359375,20802.609375,20767.220703125,20793.77734375,781352000
2025-07-15 16:30:00+00:00,20742.109375,20781.5546875,20727.427734375,20775.9140625,611940000
2025-07-15 17:30:00+00:00,20784.376953125,20795.861328125,20747.408203125,20747.962890625,609494000
2025-07-15 18:30:00+00:00,20706.8984375,20788.390625,20705.771484375,20784.44921875,709657000
2025-07-15 19:30:00+00:00,20693.697265625,20730.890625,20689.2265625,20714.85546875,600731000
2025-07-16 13:30:00+00:00,20682.703125,20730.99609375,20630.677734375,20728.98046875,0
2025-07-16 14:30:00+00:00,20618.859375,20703.712890625,20578.44921875,20690.02734375,1099680000
2025-07-16 15:30:00+00:00,20638.951171875,20668.265625,20510.541015625,20640.921875,952593000
2025-07-16 16:30:00+00:00,20696.677734375,20714.482421875,20629.35546875,20646.775390625,646251000
2025-07-16 17:30:00+00:00,20702.775390625,20705.1953125,20682.79296875,20693.015625,588885000
2025-07-16 18:30:00+00:00,20721.767578125,20729.474609375,20706.51171875,20708.154296875,668734000
2025-07-16 19:30:00+00:00,20736.416015625,20750.798828125,20719.982421875,20724.59765625,616282000
2025-07-17 13:30:00+00:00,20813.701171875,20831.775390625,20735.546875,20771.29296875,0
2025-07-17 14:30:00+00:00,20873.546875,20880.9765625,20808.490234375,20811.95703125,1269727000
2025-07-17 15:30:00+00:00,20898.71484375,20911.826171875,20864.666015625,20873.6953125,969275000
2025-07-17 16:30:00+00:00,20892.6015625,20903.068359375,20878.171875,20899.427734375,826708000
2025-07-17 17:30:00+00:00,20896.880859375,20908.4921875,20881.271484375,20892.419921875,735126000
2025-07-17 18:30:00+00:00,20901.89453125,20911.20703125,20889.35546875,20897.251953125,788201000
2025-07-17 19:30:00+00:00,20887.162109375,20910.2265625,20880.51953125,20902.15234375,728142000
2025-07-18 13:30:00+00:00,20856.357421875,20978.76953125,20851.876953125,20974.3359375,0
2025-07-18 14:30:00+00:00,20882.28515625,20888.171875,20852.34765625,20857.771484375,1279834000
2025-07-18 15:30:00+00:00,20869.443359375,20916.28125,20855.96875,20883.578125,877714000
2025-07-18 16:30:00+00:00,20882.978515625,20887.734375,20846.115234375,20868.330078125,698717000
2025-07-18 17:30:00+00:00,20888.5546875,20892.61328125,20862.341796875,20882.25390625,665055000
2025-07-18 18:30:00+00:00,20880.53515625,20898.4609375,20873.16015625,20888.599609375,709184000
2025-07-18 19:30:00+00:00,20894.974609375,20895.3828125,20869.873046875,20879.892578125,690415000
2025-07-21 13:30:00+00:00,21068.580078125,21071.90234375,20957.44140625,20962.951171875,0
2025-07-21 14:30:00+00:00,21053.16015625,21073.87109375,21039.310546875,21064.125,1619043000
2025-07-21 15:30:00+00:00,21006.93359375,21056.74609375,20997.345703125,21051.3515625,1473036000
2025-07-21 16:30:00+00:00,21054.173828125,21058.421875,21014.107421875,21014.685546875,966852000
2025-07-21 17:30:00+00:00,21052.533203125,21057.51171875,21040.791015625,21056.759765625,840073000
2025-07-21 18:30:00+00:00,20999.341796875,21046.080078125,20995.677734375,21045.091796875,1237139000
2025-07-21 19:30:00+00:00,20968.44921875,21008.94921875,20967.0625,21008.92578125,763455000
2025-07-22 13:30:00+00:00,20822.544921875,20974.5390625,20754.23828125,20974.5390625,3530070000
2025-07-22 14:30:00+00:00,20874.8125,20889.447265625,20824.205078125,20824.205078125,1432373000
2025-07-22 15:30:00+00:00,20866.03515625,20899.873046875,20866.03515625,20875.810546875,897406000
2025-07-22 16:30:00+00:00,20903.474609375,20903.478515625,20836.4921875,20839.912109375,792126000
2025-07-22 17:30:00+00:00,20897.021484375,20915.90234375,20851.685546875,20915.48828125,802089000
2025-07-22 18:30:00+00:00,20922.380859375,20926.77734375,20891.044921875,20891.044921875,812047000
2025-07-22 19:30:00+00:00,20892.9296875,20927.501953125,20892.9296875,20915.458984375,738689000
2025-07-23 13:30:00+00:00,20908.4375,20953.72265625,20871.705078125,20949.1484375,0
2025-07-23 14:30:00+00:00,20916.982421875,20931.857421875,20880.046875,20910.388671875,1380614000
2025-07-23 15:30:00+00:00,20923.736328125,20981.26171875,20914.255859375,20918.779296875,1113812000
2025-07-23 16:30:00+00:00,20942.333984375,20943.84375,20922.49609375,20926.646484375,766103000
2025-07-23 17:30:00+00:00,20999.505859375,21013.72265625,20935.7109375,20939.140625,940678000
2025-07-23 18:30:00+00:00,20999.36328125,21010.703125,20994.6953125,20998.7109375,828586000
2025-07-23 19:30:00+00:00,21010.326171875,21011.1015625,20983.56640625,21002.244140625,695708000
2025-07-24 13:30:00+00:00,21037.626953125,21106.640625,21005.67578125,21083.818359375,0
2025-07-24 14:30:00+00:00,21077.748046875,21091.166015625,21032.40625,21036.30078125,1932772000
2025-07-24 15:30:00+00:00,21044.05078125,21089.810546875,21044.05078125,21070.6640625,1298189000
2025-07-24 16:30:00+00:00,21093.564453125,21104.259765625,21044.001953125,21047.814453125,924876000
2025-07-24 17:30:00+00:00,21102.65625,21108.794921875,21077.498046875,21086.64453125,747587000
2025-07-24 18:30:00+00:00,21100.59765625,21107.224609375,21077.72265625,21103.689453125,1079822000
2025-07-24 19:30:00+00:00,21072.353515625,21104.201171875,21069.998046875,21099.884765625,809057000
2025-07-25 13:30:00+00:00,21093.33203125,21104.794921875,21037.6015625,21067.44921875,0
2025-07-25 14:30:00+00:00,21117.26171875,21119.40625,21086.419921875,21089.765625,1500975000
2025-07-25 15:30:00+00:00,21154.931640625,21156.337890625,21103.302734375,21116.390625,995306000
2025-07-25 16:30:00+00:00,21136.830078125,21159.396484375,21126.966796875,21159.365234375,803140000
2025-07-25 17:30:00+00:00,21142.3046875,21150.33203125,21124.1484375,21144.14453125,948941000
2025-07-25 18:30:00+00:00,21134.5078125,21152.431640625,21133.587890625,21146.251953125,816825000
2025-07-25 19:30:00+00:00,21110.470703125,21138.86328125,21107.08984375,21129.181640625,726841000
2025-07-28 13:30:00+00:00,21180.01953125,21202.0,21159.587890625,21172.986328125,0
2025-07-28 14:30:00+00:00,21155.7265625,21193.767578125,21124.498046875,21180.7890625,1471595000
2025-07-28 15:30:00+00:00,21171.384765625,21180.08984375,21155.087890625,21156.498046875,884582000
2025-07-28 16:30:00+00:00,21147.484375,21171.5859375,21144.53125,21171.412109375,723686000
2025-07-28 17:30:00+00:00,21143.56640625,21168.818359375,21132.0546875,21147.630859375,718225000
2025-07-28 18:30:00+00:00,21144.140625,21153.60546875,21130.7734375,21144.05859375,960918000
2025-07-28 19:30:00+00:00,21177.787109375,21180.45703125,21137.6875,21144.111328125,812898000
2025-07-29 13:30:00+00:00,21214.259765625,21303.24609375,21201.951171875,21289.0859375,0
2025-07-29 14:30:00+00:00,21104.5859375,21226.783203125,21101.498046875,21219.373046875,1528773000
2025-07-29 15:30:00+00:00,21124.1328125,21160.67578125,21081.896484375,21104.4296875,1076880000
2025-07-29 16:30:00+00:00,21155.625,21168.935546875,21101.55859375,21122.943359375,764537000
2025-07-29 17:30:00+00:00,21131.291015625,21160.326171875,21117.583984375,21155.431640625,636110000
2025-07-29 18:30:00+00:00,21117.140625,21158.69921875,21116.90234375,21131.349609375,642761000
2025-07-29 19:30:00+00:00,21100.455078125,21122.220703125,21083.470703125,21118.794921875,700844000
2025-07-30 13:30:00+00:00,21168.33203125,21179.912109375,21121.70703125,21138.0546875,0
2025-07-30 14:30:00+00:00,21147.740234375,21201.869140625,21138.228515625,21170.43359375,1085094000
2025-07-30 15:30:00+00:00,21190.513671875,21199.796875,21140.357421875,21146.939453125,803400000
2025-07-30 16:30:00+00:00,21182.9375,21196.86328125,21179.41796875,21190.548828125,650521000
2025-07-30 17:30:00+00:00,21202.560546875,21210.16015625,21174.05078125,21183.064453125,588485000
2025-07-30 18:30:00+00:00,21047.7734375,21230.880859375,21019.3828125,21202.181640625,1082631000
2025-07-30 19:30:00+00:00,21133.412109375,21133.412109375,21042.2734375,21049.259765625,737864000
2025-07-31 13:30:00+00:00,21366.34375,21445.375,21327.380859375,21445.375,0
2025-07-31 14:30:00+00:00,21277.669921875,21379.412109375,21224.353515625,21363.775390625,4079203000
2025-07-31 15:30:00+00:00,21356.896484375,21363.67578125,21275.07421875,21277.71484375,813718000
2025-07-31 16:30:00+00:00,21212.859375,21366.216796875,21199.787109375,21357.515625,714118000
2025-07-31 17:30:00+00:00,21175.923828125,21250.978515625,21078.923828125,21211.5234375,787418000
2025-07-31 18:30:00+00:00,21137.875,21214.08984375,21134.4765625,21174.705078125,819094000
2025-07-31 19:30:00+00:00,21138.07421875,21173.060546875,21084.6015625,21138.41015625,742391000
2025-08-01 13:30:00+00:00,20750.4375,20860.5390625,20575.10546875,20837.2109375,0
2025-08-01 14:30:00+00:00,20662.646484375,20788.1484375,20660.07421875,20754.361328125,1128650000
2025-08-01 15:30:00+00:00,20765.8671875,20792.236328125,20658.05859375,20658.05859375,873716000
2025-08-01 16:30:00+00:00,20613.40625,20768.337890625,20602.724609375,20762.28125,888243000
2025-08-01 17:30:00+00:00,20650.71875,20654.998046875,20560.7265625,20613.142578125,659575000
2025-08-01 18:30:00+00:00,20647.595703125,20705.005859375,20622.3046875,20650.146484375,713825000
2025-08-01 19:30:00+00:00,20652.6640625,20704.458984375,20614.935546875,20646.66015625,680321000
2025-08-04 13:30:00+00:00,20993.076171875,20997.439453125,20833.857421875,20848.681640625,0
2025-08-04 14:30:00+00:00,20968.412109375,20996.185546875,20944.65625,20977.1328125,818532000
2025-08-04 15:30:00+00:00,21023.17578125,21023.197265625,20955.3125,20960.744140625,658604000
2025-08-04 16:30:00+00:00,21026.435546875,21030.865234375,21004.212890625,21013.9609375,588565000
2025-08-04 17:30:00+00:00,21023.505859375,21039.275390625,21003.189453125,21030.98828125,547227000
2025-08-04 18:30:00+00:00,21034.201171875,21042.8671875,21008.99609375,21028.349609375,544137000
2025-08-04 19:30:00+00:00,21048.064453125,21054.216796875,21001.884765625,21009.9453125,669924000
2025-08-05 13:30:00+00:00,21024.53515625,21133.365234375,21015.583984375,21082.55078125,0
2025-08-05 14:30:00+00:00,20939.77734375,21031.01171875,20906.107421875,21030.10546875,1078634000
2025-08-05 15:30:00+00:00,20969.830078125,20980.685546875,20897.744140625,20945.412109375,713550000
2025-08-05 16:30:00+00:00,20984.0234375,20986.80078125,20918.5390625,20977.533203125,534964000
2025-08-05 17:30:00+00:00,20958.99609375,21021.74609375,20956.673828125,20984.296875,508835000
2025-08-05 18:30:00+00:00,20942.25390625,20964.896484375,20909.2109375,20952.970703125,581872000
2025-08-05 19:30:00+00:00,20910.599609375,20956.765625,20910.599609375,20954.361328125,640278000
2025-08-06 13:30:00+00:00,20956.296875,21043.65625,20938.427734375,20957.701171875,0
2025-08-06 14:30:00+00:00,21083.923828125,21088.6171875,20954.015625,20970.435546875,1215817000
2025-08-06 15:30:00+00:00,21113.513671875,21136.841796875,21079.4375,21099.84375,803358000
2025-08-06 16:30:00+00:00,21128.59375,21131.640625,21098.98046875,21103.6328125,608861000
2025-08-06 17:30:00+00:00,21165.52734375,21167.529296875,21123.51171875,21127.146484375,596984000
2025-08-06 18:30:00+00:00,21173.013671875,21183.4453125,21156.869140625,21165.23828125,627271000
2025-08-06 19:30:00+00:00,21164.48046875,21183.857421875,21157.623046875,21171.904296875,622030000
2025-08-07 13:30:00+00:00,21297.232421875,21406.9453125,21294.259765625,21334.474609375,0
2025-08-07 14:30:00+00:00,21273.017578125,21327.796875,21255.8984375,21304.46875,1035906000
2025-08-07 15:30:00+00:00,21246.701171875,21270.626953125,21217.984375,21257.060546875,885377000
2025-08-07 16:30:00+00:00,21159.232421875,21254.04296875,21147.91796875,21247.203125,652943000
2025-08-07 17:30:00+00:00,21124.240234375,21178.6796875,21092.884765625,21139.953125,0
2025-08-07 18:30:00+00:00,21143.04296875,21167.333984375,21111.06640625,21114.43359375,6594401000
2025-08-07 19:30:00+00:00,21243.919921875,21243.919921875,21161.275390625,21164.6015625,713866000
2025-08-08 13:30:00+00:00,21406.76171875,21409.8828125,21306.826171875,21316.365234375,2785949000
2025-08-08 14:30:00+00:00,21412.705078125,21430.75,21378.5625,21420.02734375,1016994000
2025-08-08 15:30:00+00:00,21432.73828125,21438.236328125,21366.744140625,21399.947265625,800817000
2025-08-08 16:30:00+00:00,21403.150390625,21440.310546875,21397.68359375,21432.431640625,630879000
2025-08-08 17:30:00+00:00,21437.818359375,21462.865234375,21402.849609375,21402.849609375,602663000
2025-08-08 18:30:00+00:00,21441.453125,21458.173828125,21441.453125,21446.66015625,664156000
2025-08-08 19:30:00+00:00,21442.826171875,21444.208984375,21415.65234375,21435.08984375,604986000
